age,height_cm,weight_kg,gender,activity_level,goal,bmi,calories,diet_type,workout_type
44,165,80,1,0,0,29.38,2570,2,0
23,157,79,1,0,2,32.05,3456,1,2
48,186,102,1,2,1,29.48,2337,0,2
33,157,93,1,1,2,37.73,3014,1,2
48,189,71,0,2,1,19.88,1788,0,2
47,187,84,1,1,1,24.02,2757,0,2
38,169,79,1,1,2,27.66,2874,1,2
36,175,109,1,0,0,35.59,3316,2,0
38,188,103,0,1,2,29.14,3173,1,2
39,152,62,1,2,1,26.84,1656,0,2
26,190,63,0,1,0,17.45,1866,2,1
35,155,94,1,0,1,39.13,3303,0,2
27,170,99,0,1,2,34.26,3022,1,2
23,172,100,1,0,1,33.8,3733,0,2
27,167,96,1,0,0,34.42,3060,2,0
31,180,48,1,0,2,14.81,3064,1,1
38,170,105,1,0,2,36.33,3962,1,2
25,163,48,0,2,2,18.07,1755,1,2
19,167,95,0,0,0,34.06,2801,2,0
47,179,108,1,0,1,33.71,3740,0,2
39,150,61,1,1,1,27.11,2104,0,2
32,183,48,1,2,0,14.33,1262,2,1
36,167,47,0,1,2,16.85,2117,1,1
31,190,87,1,1,0,24.1,2456,2,2
30,171,82,0,1,0,28.04,1945,2,0
26,173,64,1,1,1,21.38,2474,0,2
47,171,108,0,2,1,36.93,2103,0,2
47,154,98,1,0,1,41.32,3253,0,2
29,155,46,1,2,0,19.15,1046,2,2
46,168,90,1,1,2,31.89,2973,1,2
43,187,59,1,1,0,16.87,1900,2,1
47,175,46,1,0,2,15.02,2815,1,1
30,189,108,1,1,1,30.23,3280,0,2
19,180,56,1,0,1,17.28,3030,0,1
32,184,106,0,2,0,31.31,1766,2,0
45,177,107,1,0,1,34.15,3716,0,2
43,175,75,0,2,2,24.49,2061,1,2
19,164,82,0,2,2,30.49,2206,1,2
46,155,103,1,0,0,42.87,2870,2,0
19,168,83,1,0,2,29.41,3701,1,2
36,170,70,1,0,0,24.22,2516,2,2
26,188,69,1,0,2,19.52,3606,1,2
49,180,84,1,1,1,25.93,2673,0,2
32,179,79,1,0,2,24.66,3632,1,2
50,176,74,1,0,2,23.89,3330,1,2
18,187,75,0,2,1,21.45,2001,0,2
47,174,75,0,2,1,24.77,1729,0,2
45,190,104,0,2,0,28.81,1709,2,0
43,162,85,0,0,0,32.39,2324,2,0
35,161,109,0,1,2,42.05,3028,1,2
30,159,68,1,1,2,26.9,2669,1,2
44,181,96,0,0,0,29.3,2749,2,0
29,179,63,1,1,0,19.66,1993,2,2
33,178,97,0,1,2,30.61,3022,1,2
45,183,96,0,1,2,28.67,2962,1,2
46,152,91,0,1,1,39.39,2276,0,2
23,167,104,0,2,1,37.29,2169,0,2
26,150,60,1,2,1,26.67,1695,0,2
33,182,105,0,2,1,31.7,2233,0,2
35,153,99,0,2,0,42.29,1432,2,0
38,157,103,0,1,2,41.79,2873,1,2
27,162,78,1,1,0,29.72,2076,2,0
41,184,104,0,2,0,30.72,1688,2,0
27,189,91,1,2,2,25.48,2653,1,2
38,151,75,0,0,1,32.89,2551,0,2
34,157,109,1,1,0,44.22,2454,2,0
29,183,61,1,0,0,18.21,2566,2,2
34,168,53,1,0,0,18.78,2188,2,2
42,186,105,0,2,2,30.35,2509,1,2
31,176,96,0,2,2,30.99,2392,1,2
46,184,106,0,0,2,31.31,3756,1,2
27,169,76,0,0,1,26.61,2888,0,2
47,173,45,0,2,1,15.04,1362,0,1
21,173,76,0,0,2,25.39,3292,1,2
40,187,81,0,0,2,23.16,3373,1,2
19,169,45,1,0,2,15.76,2990,1,1
27,169,108,0,1,0,37.81,2352,2,0
23,153,57,0,0,0,24.35,1875,2,2
31,175,53,0,2,1,17.31,1569,0,1
26,178,45,0,2,1,14.2,1525,0,1
35,153,104,0,2,0,44.43,1492,2,0
26,182,56,0,0,2,16.91,2972,1,1
25,155,110,0,0,1,45.79,3387,0,2
24,158,48,0,0,1,19.23,2254,0,2
25,175,67,1,1,2,21.88,2847,1,2
24,168,89,1,0,0,31.53,2967,2,0
48,154,58,1,2,2,24.46,1869,1,2
34,181,96,0,0,2,29.3,3644,1,2
24,160,72,1,1,1,28.12,2487,0,2
19,184,108,0,0,1,31.9,3750,0,2
47,155,110,0,0,0,45.79,2678,2,0
35,190,75,0,1,1,20.78,2482,0,2
40,183,61,1,2,1,18.21,1870,0,2
34,158,65,1,0,2,26.04,3097,1,2
41,172,109,0,0,0,36.84,2918,2,0
44,178,51,0,1,0,16.1,1424,2,1
29,170,110,1,1,1,38.06,3134,0,2
48,178,99,0,0,2,31.25,3532,1,2
32,151,110,0,1,0,48.24,2170,2,0
20,152,110,1,0,1,47.61,3714,0,2
23,169,64,0,0,1,22.41,2698,0,2
40,183,84,1,2,2,25.08,2446,1,2
29,152,87,0,0,1,37.66,2876,0,2
25,171,48,0,0,2,16.42,2699,1,1
21,161,69,0,0,0,26.62,2217,2,0
45,165,64,1,0,2,23.51,3057,1,2
46,157,50,1,2,0,20.28,1007,2,2
40,156,79,0,2,0,32.46,1184,2,0
47,183,87,1,0,0,25.98,2889,2,0
18,168,73,1,1,2,25.86,2927,1,2
27,181,100,0,1,1,30.52,2844,0,2
43,163,54,0,0,1,20.32,2247,0,2
29,189,79,0,0,2,22.12,3463,1,2
40,177,75,0,2,1,23.94,1794,0,2
24,160,58,1,1,0,22.66,1770,2,2
18,185,65,1,2,2,18.99,2365,1,2
21,157,45,1,0,2,18.26,2829,1,2
39,172,92,1,2,1,31.1,2166,0,2
46,162,52,0,1,2,19.81,2069,1,2
42,151,100,1,2,1,43.86,2086,0,2
18,179,45,1,2,2,14.04,2080,1,1
49,160,54,0,1,2,21.09,2057,1,2
26,182,65,1,0,2,19.62,3458,1,2
37,176,48,0,2,0,15.5,980,2,1
22,152,105,1,0,1,45.45,3600,0,2
50,167,54,1,1,2,19.36,2375,1,2
24,165,100,0,0,2,36.73,3625,1,2
31,151,68,1,1,0,29.82,1784,2,0
25,150,92,0,1,2,40.89,2735,1,2
37,155,79,0,1,2,32.88,2489,1,2
38,171,86,0,0,0,29.41,2497,2,0
41,163,52,1,2,2,19.57,1906,1,2
22,158,108,1,2,2,43.26,2655,1,2
38,183,93,1,0,1,27.77,3588,0,2
21,156,56,1,0,2,23.01,3026,1,2
19,175,56,0,1,2,18.29,2466,1,2
44,184,57,0,2,0,16.84,1106,2,1
22,151,59,1,1,2,25.88,2514,1,2
22,154,63,1,2,2,26.56,2085,1,2
46,163,47,1,0,0,17.69,1901,2,1
50,153,105,0,0,0,44.85,2530,2,0
45,177,105,0,0,0,33.52,2863,2,0
47,185,60,1,2,1,17.53,1831,0,1
46,178,109,0,1,1,34.4,2807,0,2
32,179,49,1,2,2,15.29,2044,1,1
18,166,53,1,0,2,19.23,3116,1,2
27,185,67,1,1,2,19.58,2929,1,2
23,158,66,0,1,1,26.44,2125,0,2
28,173,102,1,2,1,34.08,2359,0,2
23,168,66,0,0,2,23.38,3024,1,2
44,170,100,1,0,0,34.6,3010,2,0
50,179,80,0,0,1,24.97,2864,0,2
29,184,56,1,0,1,16.54,2983,0,1
26,170,51,1,2,1,17.65,1737,0,1
36,165,83,1,0,2,30.49,3503,1,2
20,186,45,1,1,2,13.01,2652,1,1
49,190,105,1,2,1,29.09,2397,0,2
43,181,64,0,0,2,19.54,2950,1,2
42,177,78,0,2,2,24.9,2118,1,2
40,189,98,1,1,2,27.43,3347,1,2
24,176,83,1,0,1,26.79,3448,0,2
45,154,105,1,2,0,44.27,1651,2,0
41,164,104,0,2,1,38.67,2038,0,2
41,177,52,1,2,2,16.6,2011,1,1
37,181,51,1,2,2,15.57,2053,1,1
48,154,69,1,2,2,29.09,2001,1,2
42,164,106,0,0,2,39.41,3556,1,2
29,187,63,0,1,1,18.02,2313,0,2
28,174,52,1,1,0,17.18,1782,2,1
35,170,50,0,0,0,17.3,1830,2,1
25,166,74,0,1,0,26.85,1811,2,0
28,183,81,1,2,0,24.19,1682,2,2
31,162,86,0,1,2,32.77,2712,1,2
40,167,88,1,2,2,31.55,2374,1,2
29,153,100,0,0,0,42.72,2635,2,0
24,181,95,1,2,2,29.0,2659,1,2
35,179,96,0,2,2,29.96,2391,1,2
30,185,86,1,0,1,25.13,3555,0,2
50,150,110,1,2,0,48.89,1651,2,0
37,166,101,0,0,0,36.65,2732,2,0
30,167,57,0,1,0,20.44,1519,2,2
48,151,106,0,1,2,46.49,2784,1,2
39,160,104,1,0,1,40.62,3515,0,2
34,188,57,0,0,2,16.13,2986,1,1
46,169,74,1,2,2,25.91,2185,1,2
33,175,80,1,1,2,26.12,2987,1,2
49,169,87,0,1,0,30.46,1856,2,0
20,175,59,0,0,2,19.27,3003,1,2
37,164,108,0,2,0,40.15,1610,2,0
37,160,79,0,0,0,30.86,2243,2,0
50,177,90,0,1,2,28.73,2772,1,2
18,167,79,0,0,0,28.33,2507,2,0
24,187,99,1,0,0,28.31,3383,2,0
22,150,87,0,0,0,38.67,2419,2,0
24,162,66,0,1,1,25.15,2156,0,2
45,160,54,1,1,1,21.09,2046,0,2
24,185,73,0,0,1,21.33,3049,0,2
20,154,105,0,1,0,44.27,2214,2,0
38,188,54,1,0,0,15.28,2407,2,1
33,166,54,0,2,2,19.6,1801,1,2
36,160,71,1,1,1,27.73,2379,0,2
40,163,66,1,2,1,24.84,1780,0,2
25,158,92,0,0,2,36.85,3380,1,2
25,181,100,1,0,2,30.52,4121,1,2
42,182,96,1,0,0,28.98,3095,2,0
46,157,84,0,1,2,34.08,2516,1,2
24,171,47,1,0,0,16.07,2205,2,1
25,166,68,0,0,2,24.68,3019,1,2
23,178,110,1,0,2,34.72,4294,1,2
45,171,108,0,1,2,36.93,3032,1,2
20,174,81,0,1,2,26.75,2836,1,2
43,160,47,1,2,2,18.36,1812,1,2
50,169,82,1,1,2,28.71,2828,1,2
42,159,57,0,0,1,22.55,2266,0,2
21,175,78,0,2,0,25.47,1429,2,0
20,176,89,0,0,1,28.73,3285,0,2
35,160,85,1,0,1,33.2,3192,0,2
27,167,70,0,0,0,25.1,2250,2,0
42,186,46,0,1,0,13.3,1439,2,1
49,160,57,1,2,0,22.27,1096,2,2
24,172,66,0,0,2,22.31,3062,1,2
42,182,80,1,1,0,24.15,2185,2,2
47,189,50,1,0,1,14.0,2757,0,1
22,187,102,0,0,1,29.17,3643,0,2
48,158,83,1,2,2,33.25,2199,1,2
22,174,65,1,0,1,21.47,3101,0,2
18,156,108,1,1,1,44.38,3053,0,2
31,183,71,1,2,2,21.2,2344,1,2
22,159,73,0,2,1,28.88,1743,0,2
25,183,105,1,2,2,31.35,2788,1,2
32,161,91,1,2,0,35.11,1613,2,0
37,158,46,0,2,2,18.43,1621,1,2
33,178,79,0,2,1,24.93,1891,0,2
28,173,88,0,2,1,29.4,1992,0,2
45,188,92,1,0,1,26.03,3562,0,2
18,155,46,0,2,1,19.15,1413,0,2
23,157,92,1,1,2,37.32,3076,1,2
24,156,79,0,0,0,32.46,2319,2,0
36,159,46,1,1,0,18.2,1482,2,2
20,162,63,0,2,0,24.01,1157,2,2
33,157,110,1,2,1,44.63,2305,0,2
30,179,94,1,1,1,29.34,2966,0,2
22,176,85,1,2,2,27.44,2514,1,2
29,156,53,1,2,0,21.78,1138,2,2
37,182,109,0,0,2,32.91,3874,1,2
47,169,60,0,1,0,21.01,1453,2,2
46,173,51,1,0,1,17.04,2595,0,1
49,178,68,0,2,0,21.46,1163,2,2
23,168,77,0,1,0,27.28,1893,2,0
45,150,64,0,0,0,28.44,1763,2,0
26,156,70,1,1,2,28.76,2702,1,2
44,185,81,1,1,2,23.67,3014,1,2
48,164,72,1,1,1,26.77,2340,0,2
28,188,54,1,2,0,15.28,1396,2,1
34,187,72,0,2,1,20.59,1869,0,2
47,156,51,0,2,2,20.96,1606,1,2
21,168,106,1,2,2,37.56,2712,1,2
47,166,85,0,2,0,30.85,1289,2,0
46,174,85,0,0,1,28.08,2938,0,2
23,166,88,0,2,0,31.93,1469,2,0
18,183,51,1,1,2,15.23,2731,1,1
43,163,69,0,2,2,25.97,1899,1,2
31,180,70,1,0,2,21.6,3482,1,2
46,169,58,0,1,2,20.31,2230,1,2
50,157,98,0,2,1,39.76,1860,0,2
18,168,55,1,0,2,19.49,3178,1,2
19,178,79,0,1,2,24.93,2852,1,2
30,151,101,1,1,0,44.3,2303,2,0
48,171,89,1,0,2,30.44,3575,1,2
26,175,54,1,0,2,17.63,3166,1,1
28,152,48,1,1,0,20.78,1507,2,2
29,178,105,1,2,1,33.14,2427,0,2
39,172,104,0,2,0,35.15,1610,2,0
43,174,56,0,2,2,18.5,1825,1,2
42,162,74,1,2,0,28.2,1357,2,0
46,185,59,0,2,0,17.24,1126,2,1
48,154,50,0,2,1,21.08,1273,0,2
37,177,96,0,0,1,30.64,3268,0,2
38,184,75,0,1,1,22.15,2400,0,2
29,158,92,0,1,1,36.85,2482,0,2
20,186,53,0,2,2,15.32,2017,1,1
42,178,93,0,1,2,29.35,2890,1,2
48,166,93,1,1,2,33.75,2985,1,2
21,158,86,1,2,0,34.45,1597,2,0
34,184,71,0,0,0,20.97,2405,2,2
28,173,61,0,2,2,20.38,1968,1,2
23,188,94,0,2,2,26.6,2506,1,2
37,168,66,0,1,2,23.38,2414,1,2
48,167,92,1,2,1,32.99,2074,0,2
39,154,104,0,0,0,43.85,2628,2,0
18,185,61,1,0,1,17.82,3194,0,1
25,154,50,0,2,2,21.08,1711,1,2
37,183,47,1,1,0,14.03,1722,2,1
42,170,102,1,1,1,35.29,2910,0,2
25,155,77,0,0,0,32.05,2260,2,0
39,179,49,0,0,0,15.29,1880,2,1
23,162,90,1,1,2,34.29,3093,1,2
22,186,69,1,2,0,19.94,1597,2,2
38,178,46,1,0,0,14.52,2136,2,1
27,153,67,0,1,1,28.62,2061,0,2
47,184,104,0,0,0,30.72,2908,2,0
19,184,45,0,0,2,13.29,2853,1,1
24,175,96,1,2,2,31.35,2626,1,2
28,163,69,0,0,0,25.97,2174,2,0
44,187,57,0,0,2,16.3,2879,1,1
31,151,59,1,0,0,25.88,2129,2,0
20,173,101,1,1,2,33.75,3394,1,2
49,179,109,1,1,2,34.02,3351,1,2
27,163,45,1,2,1,16.94,1606,0,1
18,174,45,0,1,1,14.86,1994,0,1
28,162,108,0,0,2,41.15,3703,1,2
29,183,46,0,2,0,13.74,1057,2,1
38,169,104,1,2,2,36.41,2593,1,2
27,181,60,1,1,1,18.31,2481,0,2
36,184,83,1,0,1,24.52,3429,0,2
39,152,99,1,2,2,42.85,2400,1,2
24,186,46,1,2,0,13.3,1309,2,1
43,186,71,0,0,0,20.52,2343,2,2
36,160,82,0,2,0,32.03,1274,2,0
19,183,78,1,2,1,23.29,2200,0,2
22,164,97,0,0,2,36.06,3575,1,2
47,151,73,0,0,2,32.02,2727,1,2
28,163,71,0,2,2,26.72,2013,1,2
21,171,94,0,2,2,32.15,2391,1,2
35,178,68,1,1,0,21.46,2014,2,2
19,173,71,0,0,1,23.72,2916,0,2
40,151,85,1,1,0,37.28,1978,2,0
46,176,58,1,0,2,18.72,3064,1,2
31,159,94,1,0,0,37.18,2889,2,0
48,166,97,1,0,1,35.2,3367,0,2
36,161,65,1,2,0,25.08,1277,2,0
42,180,68,0,1,2,20.99,2522,1,2
22,165,85,1,0,0,31.22,2874,2,0
35,162,46,1,1,2,17.53,2318,1,1
30,186,59,1,2,0,17.05,1429,2,1
36,188,92,0,2,0,26.03,1604,2,0
21,189,67,0,2,0,18.76,1402,2,2
22,176,75,0,2,2,24.21,2194,1,2
39,190,106,0,0,0,29.36,3093,2,0
26,167,97,0,0,1,34.78,3273,0,2
25,152,58,0,0,2,25.1,2663,1,2
32,159,89,0,1,1,35.2,2422,0,2
20,154,73,0,0,2,30.78,3019,1,2
21,184,82,0,2,0,24.22,1544,2,2
34,186,95,0,2,0,27.46,1637,2,0
24,180,62,1,0,2,19.14,3397,1,2
28,168,75,0,2,0,26.57,1298,2,0
46,163,81,0,2,1,30.49,1725,0,2
40,179,86,1,1,0,26.84,2264,2,0
47,151,64,0,0,1,28.07,2256,0,2
20,187,97,0,0,0,27.74,3067,2,0
27,177,46,0,1,2,14.68,2268,1,1
41,170,97,0,0,0,33.56,2666,2,0
25,164,99,0,0,2,36.81,3585,1,2
25,170,46,0,2,0,15.92,983,2,1
24,182,47,1,0,2,14.19,3135,1,1
34,189,103,0,0,1,28.83,3572,0,2
31,170,49,1,2,2,16.96,1983,1,1
25,162,104,1,1,1,39.63,2995,0,2
32,150,96,1,0,0,42.67,2810,2,0
36,183,53,1,2,1,15.83,1798,0,1
49,182,101,1,2,0,30.49,1789,2,0
43,184,46,0,1,1,13.59,1912,0,1
28,160,57,1,1,1,22.27,2224,0,2
27,184,54,1,1,0,15.95,1918,2,1
38,173,56,0,0,2,18.71,2751,1,2
43,152,93,1,0,0,40.25,2673,2,0
33,158,86,0,0,0,34.45,2390,2,0
46,150,62,1,2,0,27.56,1099,2,0
43,189,106,1,0,0,29.67,3359,2,0
31,190,83,1,1,0,22.99,2394,2,2
32,178,55,1,0,1,17.36,2864,0,1
42,179,86,0,2,1,26.84,1929,0,2
46,172,74,1,1,2,25.01,2764,1,2
29,152,71,0,0,0,30.73,2072,2,0
36,171,60,1,2,2,20.52,2092,1,2
31,185,73,0,0,1,21.33,2983,0,2
38,180,52,1,0,2,16.05,3074,1,1
47,152,56,1,2,2,24.24,1836,1,2
45,155,57,1,1,0,23.73,1544,2,2
29,190,57,1,0,1,15.79,3073,0,1
28,184,93,1,2,1,27.47,2334,0,2
35,173,46,1,1,1,15.37,2125,0,1
47,190,77,1,2,0,21.33,1573,2,2
21,153,48,1,2,2,20.5,1903,1,2
19,175,56,1,0,0,18.29,2471,2,2
20,162,50,1,1,0,19.05,1697,2,2
48,157,51,1,2,2,20.69,1807,1,2
20,152,106,0,2,1,45.88,2098,0,2
23,187,55,1,0,2,15.73,3356,1,1
47,184,93,1,0,1,27.47,3515,0,2
35,153,88,1,0,1,37.59,3165,0,2
27,190,66,1,2,0,18.28,1561,2,2
23,185,101,0,2,0,29.51,1768,2,0
28,174,96,1,1,1,31.71,2964,0,2
32,158,88,1,0,1,35.25,3253,0,2
49,178,90,1,2,1,28.41,2127,0,2
24,170,71,1,1,2,24.57,2869,1,2
21,157,104,0,2,0,42.19,1606,2,0
30,180,101,0,1,2,31.17,3127,1,2
46,175,50,1,2,1,16.33,1642,0,1
25,183,76,0,2,2,22.69,2241,1,2
23,176,88,0,2,0,28.41,1544,2,0
26,154,56,0,0,2,23.61,2639,1,2
39,172,54,1,0,1,18.25,2707,0,2
45,177,58,1,1,0,18.51,1772,2,2
25,165,54,0,1,0,19.83,1492,2,2
39,161,62,0,1,0,23.92,1468,2,2
24,172,55,0,2,0,18.59,1112,2,2
40,162,83,0,1,0,31.63,1796,2,0
46,189,51,0,0,0,14.28,1970,2,1
36,150,63,1,0,2,28.0,2945,1,2
31,153,47,0,1,0,20.08,1220,2,2
36,159,50,1,1,1,19.78,2044,0,2
19,165,110,0,2,2,40.4,2550,1,2
26,188,65,0,0,0,18.39,2414,2,2
47,164,45,1,1,1,16.73,1929,0,1
21,179,64,1,1,2,19.97,2871,1,2
39,177,54,1,0,1,17.24,2766,0,1
34,185,86,0,2,2,25.13,2322,1,2
26,155,54,1,2,1,22.48,1660,0,2
21,175,109,0,0,1,35.59,3643,0,2
36,180,60,0,1,0,18.52,1645,2,2
36,190,97,1,0,1,26.87,3766,0,2
41,182,60,1,2,0,18.11,1345,2,2
41,186,66,1,1,1,19.08,2514,0,2
32,168,56,0,0,0,19.84,1949,2,2
21,179,56,1,1,0,17.48,1947,2,1
48,163,83,0,0,1,31.24,2750,0,2
19,168,100,1,1,0,35.43,2538,2,0
40,150,105,0,1,2,46.67,2821,1,2
44,179,86,0,1,1,26.84,2476,0,2
48,180,74,0,2,1,22.84,1756,0,2
33,163,63,1,0,2,23.71,3128,1,2
44,164,81,1,0,1,30.12,3078,0,2
44,156,90,1,1,2,36.98,2873,1,2
34,160,54,0,2,1,21.09,1450,0,2
28,190,83,0,0,0,22.99,2761,2,2
42,188,58,0,0,0,16.41,2129,2,1
46,158,100,0,1,1,40.06,2474,0,2
26,156,66,0,2,0,27.12,1112,2,0
19,166,45,0,1,1,16.33,1908,0,1
50,187,96,1,0,0,27.45,3079,2,0
31,185,64,1,2,0,18.7,1475,2,2
34,175,56,1,0,0,18.29,2328,2,2
35,155,109,1,1,1,45.37,2927,0,2
21,185,94,1,2,0,27.47,1895,2,0
23,156,89,1,0,2,36.57,3634,1,2
43,181,95,0,1,2,29.0,2943,1,2
38,174,84,0,2,0,27.74,1391,2,0
46,157,71,0,1,2,28.8,2315,1,2
37,186,84,0,1,2,24.28,2867,1,2
38,183,82,1,2,2,24.49,2434,1,2
29,151,73,0,1,0,32.02,1620,2,0
46,152,73,0,0,1,31.6,2449,0,2
50,156,94,0,1,0,38.63,1831,2,0
45,164,45,1,2,0,16.73,1006,2,1
26,171,54,0,2,2,18.47,1881,1,2
29,187,57,1,1,0,16.3,1978,2,1
42,168,102,0,0,0,36.14,2728,2,0
22,189,76,0,0,2,21.28,3473,1,2
33,183,51,1,2,2,15.23,2092,1,1
33,159,59,0,2,0,23.34,1009,2,2
50,171,77,0,2,1,26.33,1713,0,2
29,186,97,0,1,2,28.04,3131,1,2
32,150,75,1,0,2,33.33,3211,1,2
34,157,93,0,0,2,37.73,3302,1,2
46,158,59,1,0,0,23.63,2069,2,2
42,180,60,0,1,2,18.52,2398,1,2
19,155,106,1,1,1,44.12,3005,0,2
31,153,87,1,2,1,37.17,2011,0,2
23,184,86,0,1,0,25.4,2187,2,0
37,162,59,1,0,1,22.48,2702,0,2
39,161,103,0,1,0,39.74,2104,2,0
47,151,87,0,0,0,38.16,2193,2,0
26,155,61,1,2,0,25.39,1244,2,0
45,165,80,0,2,0,29.38,1234,2,0
21,184,83,0,2,1,24.52,2056,0,2
24,178,97,1,2,2,30.61,2661,1,2
37,185,94,1,0,1,27.47,3640,0,2
27,152,101,0,1,2,43.72,2879,1,2
46,183,74,1,2,2,22.1,2290,1,2
21,150,48,1,0,0,21.33,2003,2,2
19,181,80,1,1,1,24.42,2853,0,2
24,170,76,1,0,0,26.3,2744,2,0
41,154,110,0,1,0,46.38,2129,2,0
45,187,59,1,1,0,16.87,1885,2,1
32,183,89,1,0,1,26.58,3569,0,2
36,180,68,1,2,2,20.99,2256,1,2
44,166,68,0,0,2,24.68,2839,1,2
37,175,101,0,2,2,32.98,2409,1,2
46,171,107,1,1,1,36.59,2966,0,2
32,183,86,0,2,0,25.68,1519,2,0
18,173,49,0,0,2,16.37,2808,1,1
34,171,82,0,1,0,28.04,1914,2,0
41,176,55,0,0,1,17.76,2439,0,1
50,159,64,0,2,0,25.32,967,2,0
36,175,87,1,1,2,28.41,3072,1,2
36,155,107,0,0,1,44.54,3225,0,2
28,166,101,1,1,1,36.65,2964,0,2
34,180,71,0,0,2,21.91,3157,1,2
19,185,58,0,1,0,16.95,1794,2,1
33,162,82,0,1,0,31.25,1835,2,0
33,156,103,0,0,2,42.32,3490,1,2
21,163,94,1,0,2,35.38,3831,1,2
46,156,58,1,2,1,23.83,1596,0,2
48,159,64,1,0,2,25.32,2957,1,2
45,185,60,1,0,0,17.53,2418,2,1
35,180,92,1,1,2,28.4,3206,1,2
36,152,77,0,2,0,33.33,1154,2,0
41,165,108,0,0,0,39.67,2815,2,0
18,189,54,0,2,1,15.12,1764,0,1
31,152,77,1,1,0,33.33,1933,2,0
49,190,77,1,0,2,21.33,3563,1,2
24,158,100,0,1,1,40.06,2645,0,2
48,183,91,0,1,1,27.17,2561,0,2
27,175,109,0,1,0,35.59,2426,2,0
50,167,51,1,2,0,18.29,1070,2,2
19,175,66,1,1,1,21.55,2578,0,2
23,166,81,0,1,1,29.39,2435,0,2
48,176,71,0,2,1,22.92,1690,0,2
24,169,63,1,2,2,22.06,2185,1,2
20,151,66,1,1,1,28.95,2338,0,2
49,158,104,1,0,2,41.66,3696,1,2
50,168,75,0,1,0,26.57,1652,2,0
19,174,82,1,1,1,27.08,2817,0,2
28,180,100,0,2,1,30.86,2188,0,2
35,184,106,0,2,0,31.31,1748,2,0
41,190,101,0,1,2,27.98,3138,1,2
31,184,84,0,2,2,24.81,2308,1,2
38,178,79,0,2,1,24.93,1861,0,2
27,189,100,1,1,2,27.99,3479,1,2
19,154,101,1,1,2,42.59,3217,1,2
44,189,94,0,0,1,26.32,3306,0,2
24,187,95,0,1,0,27.17,2348,2,0
22,170,64,1,2,1,22.15,1917,0,2
49,156,76,0,2,2,31.23,1894,1,2
31,169,59,1,1,2,20.66,2619,1,2
28,164,91,1,0,0,33.83,2920,2,0
48,168,62,0,2,2,21.97,1822,1,2
33,156,103,1,2,2,42.32,2514,1,2
37,169,50,0,0,2,17.51,2599,1,1
43,173,110,1,2,2,36.75,2665,1,2
49,150,92,0,2,2,40.89,2041,1,2
31,183,81,1,0,1,24.19,3427,0,2
36,159,92,1,2,1,36.39,2086,0,2
38,157,56,1,1,1,22.72,2102,0,2
46,157,65,0,1,0,26.37,1422,2,0
36,186,53,1,1,0,15.32,1852,2,1
48,176,70,1,0,1,22.6,2973,0,2
37,175,84,0,2,1,27.43,1905,0,2
31,173,108,0,1,1,36.09,2860,0,2
30,175,74,1,1,1,24.16,2617,0,2
24,176,54,1,0,1,17.43,2897,0,1
46,176,53,0,1,0,17.11,1420,2,1
33,174,70,1,2,2,23.12,2253,1,2
21,166,75,1,2,1,27.22,2025,0,2
22,166,109,1,0,1,39.56,3842,0,2
28,163,72,0,1,0,27.1,1728,2,0
36,183,55,0,0,1,16.42,2570,0,1
24,163,53,0,2,1,19.95,1521,0,2
21,164,75,1,0,1,27.89,3182,0,2
43,159,61,1,0,2,24.13,2948,1,2
46,177,56,1,0,0,17.87,2238,2,1
21,184,94,1,0,2,27.76,4081,1,2
48,165,79,1,1,2,29.02,2758,1,2
28,176,47,1,0,2,15.17,3026,1,1
27,170,69,1,2,0,23.88,1447,2,2
47,167,75,1,2,0,26.89,1376,2,0
30,163,67,1,1,1,25.22,2392,0,2
46,161,107,0,2,1,41.28,2022,0,2
35,184,82,0,2,0,24.22,1460,2,2
49,160,51,0,2,0,19.92,824,2,2
46,176,54,0,1,2,17.43,2235,1,1
30,190,80,1,1,2,22.16,3155,1,2
42,167,86,1,1,0,30.84,2133,2,0
35,186,98,0,1,1,28.33,2800,0,2
34,159,90,0,2,2,35.6,2175,1,2
36,156,80,0,0,0,32.87,2224,2,0
41,167,50,0,0,2,17.93,2537,1,1
31,177,59,1,1,2,18.83,2696,1,2
35,169,65,0,0,0,22.76,2103,2,2
28,156,90,0,2,1,36.98,1888,0,2
37,184,73,1,1,1,21.56,2635,0,2
40,165,110,0,2,0,40.4,1624,2,0
48,163,101,0,1,2,38.01,2823,1,2
43,167,92,1,0,0,32.99,2832,2,0
30,184,99,0,0,0,29.24,2975,2,0
35,153,64,1,0,2,27.34,3009,1,2
25,155,86,0,0,0,35.8,2431,2,0
25,182,58,1,2,2,17.51,2217,1,1
44,176,106,1,2,2,34.22,2634,1,2
24,165,92,0,1,0,33.79,2088,2,0
18,183,63,0,1,1,18.81,2360,0,2
25,173,102,1,0,1,34.08,3764,0,2
42,185,81,0,1,0,23.67,1972,2,2
36,170,79,1,0,1,27.34,3187,0,2
49,185,79,0,0,0,23.08,2426,2,2
26,181,108,1,2,1,32.97,2503,0,2
27,163,74,1,2,0,27.85,1454,2,0
29,152,65,0,0,0,28.13,1958,2,0
30,168,55,0,0,0,19.49,1949,2,2
35,178,63,0,1,0,19.88,1680,2,2
36,177,92,1,1,2,29.37,3169,1,2
27,158,70,0,0,1,28.04,2643,0,2
22,179,71,0,1,1,22.16,2414,0,2
32,183,78,1,2,1,23.29,2122,0,2
29,166,72,0,1,2,26.13,2549,1,2
40,162,109,0,0,1,41.53,3308,0,2
29,163,105,0,2,2,39.52,2415,1,2
50,165,98,0,0,1,36.0,3040,0,2
20,185,102,1,2,0,29.8,1997,2,0
44,169,71,0,2,2,24.86,1962,1,2
48,153,102,1,2,1,43.57,2089,0,2
30,177,61,1,2,2,19.47,2185,1,2
36,189,49,0,1,2,13.72,2361,1,1
33,186,62,1,1,0,17.92,2014,2,1
33,166,109,0,0,0,39.56,2922,2,0
26,151,73,1,2,2,32.02,2158,1,2
43,164,51,0,2,2,18.96,1690,1,2
41,187,72,0,2,2,20.59,2127,1,2
38,185,107,0,1,0,31.26,2406,2,0
24,183,90,0,1,1,26.87,2732,0,2
34,185,55,0,1,1,16.07,2131,0,1
47,172,89,0,0,1,30.08,2981,0,2
44,189,63,1,2,1,17.64,1915,0,1
36,161,96,0,0,1,37.04,3087,0,2
48,153,79,1,2,1,33.75,1813,0,2
22,185,87,1,2,2,25.42,2605,1,2
38,164,107,1,2,0,39.78,1792,2,0
22,150,106,1,0,2,47.11,3895,1,2
41,156,56,1,0,1,23.01,2536,0,2
40,189,64,1,2,2,17.92,2251,1,1
35,165,56,1,0,1,20.57,2700,0,2
34,179,71,1,1,2,22.16,2878,1,2
34,166,60,0,0,2,21.77,2782,1,2
49,181,58,0,0,1,17.7,2479,0,1
47,164,58,0,0,2,21.56,2597,1,2
28,179,108,1,1,1,33.71,3198,0,2
21,151,83,0,0,0,36.4,2364,2,0
42,176,94,1,1,1,30.35,2844,0,2
39,168,99,0,2,1,35.08,2020,0,2
29,178,102,1,0,1,32.19,3785,0,2
45,183,71,1,1,2,21.2,2832,1,2
42,182,71,1,1,0,21.43,2045,2,2
37,169,84,0,0,0,29.41,2445,2,0
23,177,47,1,0,0,15.0,2285,2,1
41,170,107,1,1,1,37.02,2995,0,2
31,150,56,1,1,0,24.89,1588,2,2
33,150,80,0,0,0,35.56,2181,2,0
29,153,106,0,0,0,45.28,2749,2,0
50,165,59,0,0,0,21.67,1799,2,2
36,155,55,0,2,2,22.89,1713,1,2
32,184,61,0,1,1,18.02,2230,0,2
30,181,66,0,1,1,20.15,2294,0,2
33,171,89,0,1,1,30.44,2530,0,2
26,179,56,1,0,0,17.48,2452,2,1
32,169,81,0,2,1,28.36,1854,0,2
44,150,100,1,0,1,44.44,3272,0,2
40,157,75,0,1,1,30.43,2123,0,2
26,180,85,0,1,0,26.23,2110,2,0
33,163,60,0,1,1,22.58,2003,0,2
28,185,60,1,1,1,17.53,2512,0,1
24,171,98,0,1,0,33.51,2240,2,0
44,181,90,1,1,2,27.47,3115,1,2
46,167,84,1,1,1,30.12,2571,0,2
35,151,63,1,2,0,27.63,1184,2,0
38,152,51,0,0,2,22.07,2407,1,2
23,154,87,0,1,0,36.68,1912,2,0
44,174,65,1,2,1,21.47,1827,0,2
45,164,74,1,2,2,27.51,2154,1,2
28,178,86,0,2,2,27.14,2305,1,2
20,150,82,0,0,2,36.44,3143,1,2
21,151,100,0,2,0,43.86,1513,2,0
39,164,55,1,2,2,20.45,1962,1,2
37,184,79,1,0,1,23.33,3344,0,2
20,165,60,0,2,1,22.04,1644,0,2
31,178,55,1,2,1,17.36,1815,0,1
48,158,54,0,2,2,21.63,1651,1,2
23,165,89,0,2,2,32.69,2274,1,2
35,180,108,0,2,1,33.33,2242,0,2
35,176,82,0,2,1,26.47,1900,0,2
18,162,99,0,0,1,37.72,3327,0,2
45,181,82,1,1,1,25.03,2683,0,2
18,174,55,1,0,1,18.17,2949,0,2
28,185,54,0,2,1,15.78,1674,0,1
46,167,49,1,2,2,17.57,1870,1,1
50,174,63,1,0,1,20.81,2797,0,2
37,170,68,0,2,2,23.53,1975,1,2
39,185,69,0,1,1,20.16,2309,0,2
41,180,100,1,2,1,30.86,2310,0,2
24,155,91,1,0,2,37.88,3651,1,2
25,163,94,1,1,0,35.38,2350,2,0
39,160,79,0,1,2,30.86,2522,1,2
44,155,94,0,1,0,39.13,1868,2,0
49,180,85,0,2,1,26.23,1882,0,2
46,150,76,1,1,1,33.78,2282,0,2
35,189,61,1,0,0,17.08,2580,2,1
32,178,56,0,0,0,17.67,2067,2,1
21,150,46,1,2,2,20.44,1857,1,2
43,154,105,0,2,0,44.27,1463,2,0
43,163,47,0,2,1,17.69,1335,0,1
21,182,100,0,2,2,30.19,2545,1,2
32,156,94,0,1,1,38.63,2470,0,2
28,178,67,0,0,0,21.15,2314,2,2
24,155,69,0,1,2,28.72,2435,1,2
24,151,104,0,1,2,45.61,2939,1,2
19,183,68,1,1,0,20.31,2187,2,2
39,177,56,0,1,0,17.87,1530,2,1
26,157,88,0,1,2,35.7,2733,1,2
19,177,103,0,1,1,32.88,2914,0,2
46,155,83,1,2,0,34.55,1388,2,0
50,168,105,0,2,0,37.2,1526,2,0
32,150,66,1,1,1,29.33,2235,0,2
39,180,88,1,0,0,27.16,2948,2,0
20,158,49,1,0,1,19.63,2626,0,2
35,172,81,0,1,1,27.38,2400,0,2
33,173,88,1,2,2,29.4,2461,1,2
35,165,95,1,0,1,34.89,3441,0,2
48,151,62,1,1,0,27.19,1559,2,0
26,169,71,0,0,1,24.86,2802,0,2
33,171,50,1,2,2,17.1,1990,1,1
31,175,89,0,1,1,29.06,2585,0,2
23,168,86,0,1,1,30.47,2532,0,2
31,163,69,0,1,0,25.97,1658,2,0
48,151,73,0,0,2,32.02,2718,1,2
27,176,72,1,2,2,23.24,2328,1,2
38,186,105,0,1,1,30.35,2885,0,2
43,185,69,0,2,2,20.16,2064,1,2
19,175,76,0,0,2,24.82,3335,1,2
23,154,72,1,1,1,30.36,2437,0,2
27,175,85,0,1,0,27.76,2054,2,0
46,160,84,1,0,1,32.81,3068,0,2
19,172,107,1,1,0,36.17,2685,2,0
45,170,54,1,0,2,18.69,2926,1,2
30,154,63,0,2,1,26.56,1537,0,2
21,170,99,0,1,1,34.26,2769,0,2
43,180,68,1,2,2,20.99,2214,1,2
24,167,62,0,0,0,22.23,2127,2,2
41,172,53,1,2,1,17.92,1686,0,1
26,183,81,1,0,1,24.19,3474,0,2
18,157,58,1,1,1,23.53,2288,0,2
25,173,51,0,2,1,17.04,1566,0,1
39,171,64,0,1,1,21.89,2096,0,2
37,179,80,0,0,1,24.97,2988,0,2
31,151,102,1,1,2,44.73,3111,1,2
34,161,59,1,0,0,22.76,2219,2,2
21,168,99,0,2,2,35.08,2428,1,2
28,171,68,1,1,0,23.26,2001,2,2
48,188,89,0,1,2,25.18,2879,1,2
49,170,86,1,2,1,29.76,2019,0,2
40,179,76,0,2,0,23.72,1321,2,2
30,151,87,1,1,0,38.16,2086,2,0
36,173,99,0,0,0,33.08,2787,2,0
25,176,61,1,1,0,19.69,1964,2,2
19,186,60,0,2,1,17.34,1807,0,1
24,177,82,0,0,1,26.17,3125,0,2
42,177,64,1,2,2,20.43,2149,1,2
34,178,59,0,1,0,18.62,1625,2,2
31,174,53,1,1,1,17.51,2274,0,1
36,176,77,0,0,0,24.86,2405,2,2
47,157,64,1,0,1,25.96,2643,0,2
41,156,66,1,1,2,27.12,2524,1,2
46,154,75,0,2,2,31.62,1885,1,2
42,176,93,1,1,2,30.02,3128,1,2
32,184,100,1,0,2,29.54,4090,1,2
47,179,97,0,2,1,30.27,2031,0,2
18,168,48,1,0,0,17.01,2245,2,1
49,177,108,1,2,1,34.47,2335,0,2
35,160,57,1,1,0,22.27,1670,2,2
36,155,72,1,0,1,29.97,2876,0,2
23,165,58,1,0,1,21.3,2852,0,2
21,190,78,0,1,2,21.61,2937,1,2
35,166,98,0,2,0,35.56,1517,2,0
39,180,110,0,1,2,33.95,3196,1,2
25,151,69,1,2,1,30.26,1816,0,2
29,166,60,1,1,2,21.77,2621,1,2
36,185,65,1,2,1,18.99,1957,0,2
40,180,92,0,0,2,28.4,3499,1,2
50,182,48,1,2,1,14.49,1647,0,1
28,156,64,0,1,2,26.3,2336,1,2
45,184,97,0,0,2,28.65,3594,1,2
32,182,75,0,1,0,22.64,1928,2,2
19,186,109,1,1,0,31.51,2851,2,0
23,190,57,1,1,0,15.79,2053,2,1
41,167,58,1,0,0,20.8,2205,2,2
46,189,106,1,2,1,29.67,2419,0,2
28,188,98,0,1,0,27.73,2373,2,0
25,186,48,1,0,1,13.87,2892,0,1
33,178,52,1,0,1,16.41,2797,0,1
21,180,63,1,1,0,19.44,2065,2,2
42,151,106,0,2,2,46.49,2259,1,2
44,157,102,1,1,1,41.38,2768,0,2
47,190,77,1,0,1,21.33,3282,0,2
25,185,98,1,1,0,28.63,2625,2,0
44,161,79,0,1,0,30.48,1693,2,0
43,178,110,1,0,2,34.72,4104,1,2
30,181,89,1,1,1,27.17,2908,0,2
25,184,78,0,1,1,23.04,2548,0,2
33,160,77,0,1,1,30.08,2238,0,2
27,179,105,1,1,0,32.77,2660,2,0
30,174,98,1,1,1,32.37,2979,0,2
46,166,110,1,0,1,39.92,3633,0,2
45,153,67,0,1,0,28.62,1422,2,0
31,182,94,0,0,1,28.38,3346,0,2
40,177,51,1,2,0,16.28,1205,2,1
24,176,59,1,0,1,19.05,2992,0,2
46,182,105,1,1,0,31.7,2541,2,0
41,173,72,0,0,2,24.06,3026,1,2
40,180,87,0,0,2,26.85,3404,1,2
50,155,79,0,1,0,32.88,1589,2,0
19,158,104,1,0,0,41.66,3181,2,0
43,151,71,1,0,0,31.14,2243,2,0
24,175,57,0,0,0,18.61,2127,2,2
42,170,92,0,1,0,31.83,1997,2,0
23,174,47,0,1,2,15.52,2286,1,1
31,181,67,0,1,0,20.45,1802,2,2
35,189,97,0,1,0,27.15,2313,2,0
40,189,68,0,2,2,19.04,2100,1,2
40,162,94,0,0,1,35.82,3023,0,2
39,155,46,1,0,2,19.15,2653,1,2
47,188,63,0,2,0,17.82,1190,2,1
35,156,58,0,2,2,23.83,1762,1,2
50,167,66,1,1,0,23.67,1761,2,2
28,176,82,1,0,2,26.47,3691,1,2
36,187,65,1,2,0,18.59,1472,2,2
43,158,69,0,2,1,27.64,1561,0,2
40,178,46,0,2,1,14.52,1453,0,1
29,164,58,0,2,0,21.56,1058,2,2
34,177,103,1,2,1,32.88,2365,0,2
49,172,107,1,2,2,36.17,2586,1,2
18,177,64,1,2,0,20.43,1493,2,2
49,190,58,0,0,2,16.07,2886,1,1
34,151,92,0,2,1,40.35,1839,0,2
43,176,100,1,0,0,32.28,3091,2,0
24,180,110,0,2,0,33.95,1832,2,0
26,155,61,1,2,2,25.39,2044,1,2
39,187,58,0,2,2,16.59,1971,1,1
28,165,88,1,0,2,32.32,3674,1,2
37,157,108,0,1,0,43.82,2158,2,0
22,188,81,1,1,2,22.92,3214,1,2
42,190,77,1,2,1,21.33,2103,0,2
28,182,66,1,1,1,19.93,2576,0,2
33,190,65,0,1,1,18.01,2342,0,2
50,165,108,0,0,0,39.67,2730,2,0
21,167,95,1,1,2,34.06,3235,1,2
24,157,70,1,0,0,28.4,2475,2,0
41,172,95,1,2,1,32.11,2190,0,2
32,169,75,0,2,1,26.26,1782,0,2
27,181,47,1,1,2,14.35,2580,1,1
47,177,74,0,0,0,23.62,2255,2,2
49,178,63,1,0,0,19.88,2354,2,2
38,154,69,0,0,1,29.09,2472,0,2
31,185,103,0,0,0,30.09,3053,2,0
50,160,94,1,1,0,36.72,2127,2,0
32,170,95,1,0,2,32.87,3829,1,2
41,154,64,0,1,1,26.99,1916,0,2
21,153,84,1,1,1,35.88,2629,0,2
18,166,49,0,2,0,17.78,1031,2,1
48,176,56,1,1,2,18.08,2508,1,2
44,160,52,0,2,1,20.31,1366,0,2
45,174,110,1,1,2,36.33,3349,1,2
22,180,94,1,1,2,29.01,3338,1,2
44,188,59,0,1,2,16.69,2445,1,1
26,188,70,1,1,1,19.81,2712,0,2
39,186,85,0,1,0,24.57,2067,2,2
49,169,91,1,2,2,31.86,2371,1,2
40,175,97,0,0,1,31.67,3235,0,2
47,183,91,1,1,1,27.17,2826,0,2
44,161,104,0,0,2,40.12,3463,1,2
40,188,87,0,2,1,24.62,2020,0,2
34,187,81,0,0,1,23.16,3130,0,2
38,183,110,1,2,0,32.85,1970,2,0
35,150,74,0,1,0,32.89,1579,2,0
35,150,107,1,1,0,47.56,2348,2,0
20,161,80,1,0,2,30.86,3551,1,2
46,168,83,0,0,0,29.41,2329,2,0
50,183,103,1,2,0,30.76,1814,2,0
20,160,54,1,0,0,21.09,2245,2,2
47,155,80,0,1,1,33.3,2127,0,2
48,190,78,1,2,2,21.61,2379,1,2
22,160,53,0,0,1,20.7,2392,0,2
41,187,61,1,2,0,17.44,1394,2,1
29,150,58,1,1,0,25.78,1635,2,0
24,165,67,0,2,2,24.61,2004,1,2
38,150,102,0,2,0,45.33,1427,2,0
23,183,70,1,0,2,20.9,3594,1,2
42,153,87,1,1,0,37.17,2012,2,0
32,157,60,0,1,1,24.34,1953,0,2
30,175,88,1,2,0,28.73,1694,2,0
41,166,58,0,2,1,21.05,1501,0,2
45,173,106,0,1,2,35.42,3020,1,2
45,190,102,0,0,2,28.25,3760,1,2
45,182,60,0,0,2,18.11,2867,1,2
30,155,105,1,1,0,43.7,2404,2,0
41,183,92,1,1,2,27.47,3188,1,2
32,173,85,1,1,0,28.4,2253,2,0
43,170,91,0,0,2,31.49,3333,1,2
48,172,66,1,2,0,22.31,1300,2,2
47,160,92,0,1,2,35.94,2662,1,2
48,174,96,0,0,0,31.71,2628,2,0
29,184,100,1,2,0,29.54,1912,2,0
44,156,104,1,0,2,42.74,3720,1,2
30,164,96,1,2,1,35.69,2208,0,2
44,181,91,0,0,2,27.78,3454,1,2
38,152,64,0,2,2,27.7,1786,1,2
49,169,61,0,2,0,21.36,1012,2,2
25,177,66,1,1,0,21.07,2051,2,2
36,172,47,1,0,1,15.89,2603,0,1
40,153,82,0,2,0,35.03,1198,2,0
22,160,85,0,0,1,33.2,3000,0,2
34,173,90,1,1,0,30.07,2315,2,0
48,173,93,1,2,1,31.07,2131,0,2
45,187,56,1,2,1,16.01,1810,0,1
44,173,52,0,2,2,17.37,1764,1,1
32,167,66,1,2,2,23.67,2158,1,2
36,151,96,0,2,1,42.1,1875,0,2
41,181,73,1,1,2,22.28,2874,1,2
18,153,92,0,1,0,39.3,2019,2,0
44,162,90,1,2,0,34.29,1537,2,0
32,152,108,1,0,0,46.75,3062,2,0
21,150,55,1,1,2,24.44,2450,1,2
35,175,103,1,0,0,33.63,3212,2,0
25,179,102,0,1,0,31.83,2371,2,0
48,175,48,1,1,1,15.67,2075,0,1
38,163,100,1,1,2,37.64,3142,1,2
23,161,54,1,1,0,20.83,1726,2,2
23,160,94,0,0,1,36.72,3161,0,2
30,157,49,0,0,2,19.88,2504,1,2
43,185,93,1,2,0,27.17,1751,2,0
38,178,102,0,1,2,32.19,3061,1,2
19,178,106,1,0,2,33.46,4256,1,2
46,189,46,0,1,0,12.88,1437,2,1
31,160,66,1,0,2,25.78,3169,1,2
43,178,51,1,2,2,16.1,1995,1,1
33,153,58,1,0,0,24.78,2114,2,2
34,179,46,0,1,1,14.36,1934,0,1
43,156,69,0,1,2,28.35,2297,1,2
45,180,108,1,2,1,33.33,2382,0,2
40,158,107,0,2,2,42.86,2335,1,2
48,182,70,1,1,1,21.13,2483,0,2
20,177,66,0,0,2,21.07,3159,1,2
44,186,61,0,0,2,17.63,2943,1,1
32,174,46,1,2,0,15.19,1171,2,1
43,160,88,0,0,2,34.37,3157,1,2
44,165,97,0,0,2,35.63,3378,1,2
31,159,109,1,0,2,43.12,3974,1,2
25,168,75,1,1,1,26.57,2604,0,2
34,177,90,0,1,0,28.73,2096,2,0
48,187,83,1,2,2,23.74,2416,1,2
24,168,82,1,0,2,29.05,3634,1,2
45,172,78,0,1,1,26.37,2276,0,2
44,151,67,1,0,1,29.38,2657,0,2
40,189,62,1,0,2,17.36,3351,1,1
43,190,100,1,2,0,27.7,1873,2,0
36,150,52,1,1,1,23.11,1987,0,2
19,165,95,0,1,1,34.89,2674,0,2
40,173,79,1,2,2,26.4,2311,1,2
43,162,101,0,0,2,38.48,3428,1,2
39,184,65,1,2,1,19.2,1932,0,2
45,182,79,1,2,0,23.85,1549,2,2
50,178,52,1,2,2,16.41,1965,1,1
30,151,109,0,1,1,47.8,2670,0,2
35,188,81,1,1,1,22.92,2813,0,2
49,162,101,1,0,2,38.48,3686,1,2
45,188,76,0,0,2,21.5,3243,1,2
18,175,81,0,2,1,26.45,1983,0,2
41,165,72,0,0,2,26.45,2931,1,2
38,174,45,0,0,2,14.86,2554,1,1
30,185,95,1,1,0,27.76,2539,2,0
46,189,77,1,1,0,21.56,2175,2,2
21,152,63,0,0,2,27.27,2796,1,2
22,150,49,0,1,2,21.78,2092,1,2
20,167,48,0,1,2,17.21,2257,1,1
47,174,69,0,1,2,22.79,2441,1,2
41,164,99,0,1,2,36.81,2855,1,2
50,169,53,1,1,1,18.56,2078,0,2
22,172,56,1,1,2,18.93,2671,1,2
45,168,48,0,2,2,17.01,1672,1,1
40,189,106,0,0,0,29.67,3072,2,0
38,173,76,0,1,1,25.39,2309,0,2
39,160,96,1,1,0,37.5,2243,2,0
42,179,71,0,2,2,22.16,2049,1,2
50,161,101,1,0,2,38.96,3665,1,2
47,156,94,1,0,2,38.63,3501,1,2
18,161,59,0,1,2,22.76,2385,1,2
18,181,70,0,0,1,21.37,3002,0,2
21,184,56,0,2,0,16.54,1232,2,1
23,172,107,0,2,0,36.17,1742,2,0
22,152,83,0,2,2,35.92,2110,1,2
40,151,90,0,0,0,39.47,2317,2,0
32,174,79,1,2,0,26.09,1567,2,0
30,164,110,1,0,0,40.9,3262,2,0
47,188,95,1,2,1,26.88,2274,0,2
24,181,74,1,2,2,22.59,2407,1,2
31,158,98,0,1,0,39.26,2059,2,0
49,185,58,0,1,0,16.95,1561,2,1
18,167,89,0,0,2,31.91,3497,1,2
36,173,84,0,0,2,28.07,3302,1,2
48,170,93,1,2,2,32.18,2409,1,2
49,165,79,0,2,1,29.02,1698,0,2
42,150,89,1,0,0,39.56,2582,2,0
37,171,45,0,1,0,15.39,1317,2,1
29,175,49,1,2,0,16.0,1232,2,1
30,186,55,0,1,2,15.9,2472,1,1
24,179,108,1,2,0,33.71,2000,2,0
36,162,105,1,2,0,40.01,1765,2,0
21,189,97,0,0,2,27.15,3881,1,2
43,170,73,0,0,1,25.26,2691,0,2
43,186,75,1,1,2,21.68,2938,1,2
38,160,75,0,1,1,29.3,2168,0,2
38,174,107,1,0,0,35.34,3247,2,0
37,172,66,0,1,0,22.31,1652,2,2
47,151,71,0,2,0,31.14,1009,2,0
30,177,95,1,1,1,30.32,2962,0,2
22,189,51,1,0,0,14.28,2513,2,1
47,169,88,1,0,2,30.81,3541,1,2
29,173,67,1,2,2,22.39,2233,1,2
27,182,84,0,2,1,25.36,2017,0,2
33,172,94,1,1,2,31.77,3175,1,2
45,163,94,1,2,1,35.38,2086,0,2
46,174,47,1,1,0,15.52,1565,2,1
47,183,68,1,2,0,20.31,1412,2,2
18,171,80,1,2,0,27.36,1640,2,0
32,183,51,1,2,2,15.23,2098,1,1
21,151,62,0,0,2,27.19,2765,1,2
33,187,51,0,1,0,14.58,1596,2,1
22,186,67,1,2,0,19.37,1573,2,2
30,150,64,1,1,1,28.44,2220,0,2
18,150,92,1,0,1,40.89,3367,0,2
50,186,105,1,2,0,30.35,1861,2,0
21,168,86,1,0,2,30.47,3739,1,2
31,178,71,1,1,2,22.41,2892,1,2
27,188,68,0,0,2,19.24,3262,1,2
43,158,84,0,0,1,33.65,2757,0,2
20,188,80,0,2,1,22.63,2056,0,2
25,163,60,1,2,2,22.58,2098,1,2
21,152,95,1,2,2,41.12,2460,1,2
38,165,100,0,1,2,36.73,2904,1,2
37,186,91,0,2,2,26.3,2371,1,2
35,188,89,0,2,2,25.18,2374,1,2
25,157,57,0,2,1,23.12,1518,0,2
34,176,75,0,2,0,24.21,1322,2,2
30,153,83,0,0,0,35.46,2302,2,0
41,182,73,1,0,0,22.04,2668,2,2
36,157,108,1,2,2,43.82,2563,1,2
50,185,77,1,2,0,22.5,1517,2,2
36,178,76,0,0,1,23.99,2909,0,2
50,182,108,0,2,0,32.6,1667,2,0
31,176,55,0,1,0,17.76,1567,2,1
37,175,48,1,0,0,15.67,2148,2,1
38,162,74,0,0,1,28.2,2662,0,2
36,182,71,1,0,1,21.43,3177,0,2
47,163,67,0,2,2,25.22,1851,1,2
35,182,98,1,0,1,29.59,3700,0,2
23,168,99,0,1,2,35.08,3034,1,2
41,157,58,0,0,1,23.53,2270,0,2
19,176,79,0,1,2,25.5,2832,1,2
21,177,76,0,0,0,24.26,2540,2,2
49,163,83,1,2,1,31.24,1930,0,2
21,177,108,1,2,1,34.47,2503,0,2
29,161,55,0,2,0,21.22,1000,2,2
25,188,107,0,1,1,30.27,3036,0,2
38,159,63,0,2,0,24.92,1027,2,2
42,152,78,0,1,0,33.76,1606,2,0
26,164,91,0,1,1,33.83,2548,0,2
45,168,60,0,1,2,21.26,2259,1,2
24,161,83,1,2,0,32.02,1565,2,0
26,169,68,1,1,1,23.81,2497,0,2
28,176,95,1,2,1,30.67,2298,0,2
44,161,99,0,2,0,38.19,1438,2,0
34,151,97,0,0,1,42.54,3007,0,2
34,186,94,1,2,0,27.17,1825,2,0
27,171,54,0,0,2,18.47,2794,1,2
43,188,79,0,2,0,22.35,1406,2,2
46,153,103,0,2,2,44.0,2214,1,2
35,164,81,1,1,1,30.12,2580,0,2
45,170,82,0,1,1,28.37,2319,0,2
35,159,68,0,2,2,26.9,1905,1,2
32,154,63,1,2,2,26.56,2025,1,2
43,173,78,1,0,1,26.06,3137,0,2
28,183,110,1,2,1,32.85,2530,0,2
45,166,94,0,1,2,34.11,2766,1,2
37,162,73,0,1,2,27.82,2464,1,2
42,177,78,1,1,0,24.9,2105,2,2
29,176,46,0,0,1,14.85,2382,0,1
35,186,58,0,1,1,16.76,2180,0,1
42,190,50,1,0,2,13.85,3116,1,1
24,189,58,1,1,0,16.24,2051,2,1
50,184,86,0,2,1,25.4,1918,0,2
28,190,69,0,2,2,19.11,2191,1,2
33,158,45,1,1,2,18.03,2280,1,2
33,156,58,0,1,0,23.83,1404,2,2
44,185,65,0,2,1,18.99,1710,0,2
23,187,61,1,1,1,17.44,2586,0,1
28,169,108,0,1,2,37.81,3144,1,2
32,150,65,0,0,0,28.89,1906,2,0
20,150,49,0,2,0,21.78,899,2,2
36,182,76,0,0,1,22.94,2957,0,2
41,161,102,1,1,1,39.35,2830,0,2
31,153,48,1,0,0,20.5,1943,2,2
43,168,77,1,0,1,27.28,3059,0,2
21,173,69,0,1,2,23.05,2633,1,2
48,162,101,0,0,0,38.48,2580,2,0
19,174,96,1,0,2,31.71,4019,1,2
42,173,104,1,0,0,34.75,3140,2,0
28,159,79,1,0,0,31.25,2632,2,0
30,163,101,1,0,1,38.01,3579,0,2
32,188,49,0,2,0,13.86,1112,2,1
20,169,63,1,2,2,22.06,2209,1,2
29,161,49,0,1,0,18.9,1344,2,2
32,182,76,0,2,0,22.94,1391,2,2
25,172,87,1,2,1,29.41,2190,0,2
22,187,72,0,1,2,20.59,2807,1,2
32,186,79,1,0,0,22.84,2915,2,2
28,186,47,0,2,0,13.59,1097,2,1
47,167,76,1,1,2,27.25,2739,1,2
29,189,84,1,2,1,23.52,2257,0,2
29,164,80,1,2,2,29.74,2322,1,2
32,165,55,1,0,2,20.2,3009,1,2
25,160,92,1,2,0,35.94,1660,2,0
47,175,84,1,1,0,27.43,2140,2,0
32,179,75,1,2,1,23.41,2056,0,2
20,172,99,0,1,2,33.46,3096,1,2
19,187,47,0,0,1,13.44,2627,0,1
22,151,100,1,1,1,43.86,2850,0,2
39,173,49,1,0,1,16.37,2624,0,1
25,181,106,0,0,2,32.36,3919,1,2
34,152,65,0,0,1,28.13,2411,0,2
46,175,91,0,1,0,29.71,1999,2,0
37,169,53,1,1,2,18.56,2479,1,2
33,170,108,0,1,1,37.37,2815,0,2
38,157,69,1,0,1,27.99,2823,0,2
38,179,59,1,1,1,18.41,2361,0,2
28,150,97,1,2,2,43.11,2427,1,2
33,152,71,0,2,2,30.73,1900,1,2
22,182,89,0,0,0,26.87,2837,2,0
45,181,48,1,2,1,14.65,1669,0,1
21,161,65,0,1,1,25.08,2154,0,2
23,188,106,1,2,0,29.99,2050,2,0
19,164,81,1,2,0,30.12,1594,2,0
24,182,58,0,2,1,17.51,1723,0,1
47,172,55,0,1,1,18.59,1904,0,2
22,179,49,0,0,0,15.29,2041,2,1
27,167,49,0,0,1,17.57,2351,0,1
24,171,65,0,0,0,22.23,2231,2,2
36,159,85,0,0,0,33.62,2355,2,0
24,159,76,1,2,0,30.06,1466,2,0
36,152,86,0,2,0,37.22,1262,2,0
34,157,46,0,0,0,18.66,1609,2,2
36,176,74,1,2,0,23.89,1498,2,2
29,170,109,0,2,0,37.72,1715,2,0
48,173,98,0,2,2,32.74,2292,1,2
48,171,48,0,0,2,16.42,2480,1,1
21,186,76,1,1,2,21.97,3124,1,2
47,183,88,1,1,0,26.28,2280,2,0
27,186,56,0,1,2,16.19,2511,1,1
28,165,103,1,2,1,37.83,2311,0,2
42,185,102,1,1,0,29.8,2555,2,0
37,160,96,0,0,2,37.5,3366,1,2
46,159,63,0,1,1,24.92,1910,0,2
46,155,55,0,1,0,22.89,1248,2,2
24,189,63,0,1,2,17.64,2671,1,1
35,151,52,1,0,2,22.81,2758,1,2
25,164,66,0,2,1,24.54,1678,0,2
47,188,98,1,0,0,27.73,3157,2,0
24,164,45,1,0,0,16.73,2084,2,1
47,180,102,1,0,0,31.48,3138,2,0
37,177,97,0,2,0,30.96,1576,2,0
28,160,75,0,2,0,29.3,1238,2,0
41,181,72,0,0,2,21.98,3121,1,2
43,190,94,0,2,2,26.04,2401,1,2
23,165,85,1,0,2,31.22,3665,1,2
19,160,70,1,0,1,27.34,3059,0,2
34,154,100,1,2,0,42.17,1657,2,0
44,155,54,1,2,2,22.48,1852,1,2
22,157,54,1,2,0,21.91,1199,2,2
48,178,84,0,0,2,26.51,3247,1,2
47,165,58,0,1,1,21.3,1883,0,2
29,171,88,0,1,0,30.09,2046,2,0
47,169,98,1,0,0,34.31,2931,2,0
42,174,110,0,0,1,36.33,3451,0,2
20,162,75,0,1,0,28.58,1827,2,0
34,175,77,1,1,2,25.14,2933,1,2
45,170,66,0,0,1,22.84,2539,0,2
40,177,94,1,1,0,30.0,2369,2,0
47,189,45,0,2,1,12.6,1482,0,1
19,178,86,1,0,0,27.14,3076,2,0
24,169,62,0,2,1,21.71,1674,0,2
20,185,81,1,2,1,23.67,2245,0,2
38,180,77,1,2,2,23.77,2352,1,2
32,153,89,0,0,1,38.02,2897,0,2
37,150,94,0,2,0,41.78,1337,2,0
23,151,71,1,1,0,31.14,1892,2,0
22,157,87,0,1,2,35.3,2749,1,2
50,176,77,0,0,1,24.86,2772,0,2
35,158,78,1,2,0,31.24,1417,2,0
31,185,46,1,1,2,13.44,2572,1,1
46,188,71,1,1,0,20.09,2073,2,2
25,170,56,1,1,2,19.38,2628,1,2
44,175,66,0,2,0,21.55,1147,2,2
39,174,63,1,1,1,20.81,2367,0,2
32,153,101,0,0,1,43.15,3125,0,2
29,156,66,1,0,1,27.12,2840,0,2
37,155,60,0,0,0,24.97,1823,2,2
21,174,101,0,2,0,33.36,1697,2,0
20,154,83,1,1,0,35.0,2131,2,0
22,154,89,0,2,0,37.53,1397,2,0
49,160,60,1,1,2,23.44,2408,1,2
27,171,83,1,2,0,28.38,1622,2,0
30,166,95,1,1,1,34.48,2855,0,2
38,157,64,1,2,0,25.96,1223,2,0
30,155,76,1,2,2,31.63,2200,1,2
41,181,85,0,1,2,25.95,2803,1,2
44,175,88,0,2,0,28.73,1411,2,0
37,150,101,0,2,0,44.89,1421,2,0
29,153,52,0,1,2,22.21,2113,1,2
26,156,110,1,2,1,45.2,2340,0,2
25,190,93,1,0,2,25.76,4095,1,2
27,156,109,1,1,2,44.79,3299,1,2
29,162,97,1,0,0,36.96,3000,2,0
33,188,102,1,1,0,28.86,2654,2,0
32,156,61,1,0,0,25.07,2217,2,0
27,166,67,0,1,1,24.31,2187,0,2
27,175,72,0,2,1,23.51,1821,0,2
50,170,46,0,0,1,15.92,2111,0,1
27,162,53,0,0,0,20.2,1868,2,2
29,162,56,1,2,2,21.34,2019,1,2
36,188,76,1,0,1,21.5,3344,0,2
45,175,105,1,0,1,34.29,3655,0,2
37,163,73,0,2,0,27.48,1183,2,0
47,182,87,1,0,2,26.26,3677,1,2
25,155,58,1,0,0,24.14,2214,2,2
27,153,57,1,2,1,24.35,1675,0,2
27,164,76,0,1,1,28.26,2307,0,2
38,184,100,1,2,0,29.54,1858,2,0
19,182,85,1,2,2,25.66,2577,1,2
25,168,94,1,2,1,33.3,2244,0,2
31,173,74,0,2,1,24.73,1806,0,2
39,158,91,0,1,2,36.45,2689,1,2
24,165,60,1,2,0,22.04,1319,2,2
39,159,55,1,1,1,21.76,2098,0,2
22,170,64,0,0,1,22.15,2719,0,2
24,176,59,1,1,0,19.05,1941,2,2
35,170,97,1,0,1,33.56,3538,0,2
36,153,66,1,1,2,28.19,2533,1,2
47,180,75,0,2,1,23.15,1774,0,2
30,162,68,1,1,2,25.91,2698,1,2
22,156,55,1,1,1,22.6,2201,0,2
30,181,73,1,1,1,22.28,2660,0,2
48,187,101,1,2,0,28.88,1832,2,0
44,160,47,1,1,1,18.36,1945,0,2
39,167,82,0,0,2,29.4,3164,1,2
20,158,108,0,0,2,43.26,3732,1,2
31,164,62,0,0,2,23.05,2825,1,2
26,152,78,1,1,0,33.76,1987,2,0
35,162,67,1,1,2,25.53,2644,1,2
24,177,102,1,1,2,32.56,3417,1,2
49,183,85,0,1,1,25.38,2461,0,2
20,159,51,1,0,1,20.17,2676,0,2
43,164,89,0,0,2,33.09,3224,1,2
41,171,77,0,1,2,26.33,2582,1,2
30,150,76,0,2,0,33.78,1163,2,0
30,177,55,1,1,0,17.56,1842,2,1
25,186,85,1,0,2,24.57,3895,1,2
48,187,55,1,2,1,15.73,1780,0,1
27,160,102,0,1,2,39.84,2972,1,2
46,187,68,0,2,2,19.45,2049,1,2
32,188,81,1,2,0,22.92,1696,2,2
19,180,87,1,2,2,26.85,2586,1,2
26,175,103,0,0,1,33.63,3482,0,2
27,179,92,1,1,0,28.71,2458,2,0
42,176,91,1,0,0,29.38,2929,2,0
21,179,75,1,2,1,23.41,2122,0,2
34,179,63,0,1,2,19.66,2497,1,2
49,165,97,1,2,0,35.63,1613,2,0
36,162,83,1,0,2,31.63,3468,1,2
34,179,88,1,1,0,27.46,2342,2,0
33,157,47,1,0,2,19.07,2753,1,2
36,165,45,0,0,0,16.53,1666,2,1
47,151,96,1,1,0,42.1,2094,2,0
20,164,102,0,2,0,37.92,1640,2,0
38,173,67,0,0,0,22.39,2160,2,2
37,185,85,0,1,2,24.84,2873,1,2
26,158,74,0,1,0,29.64,1726,2,0
45,189,79,1,2,1,22.12,2101,0,2
30,185,49,0,0,1,14.32,2536,0,1
36,155,86,1,2,0,35.8,1484,2,0
40,156,76,0,1,2,31.23,2429,1,2
32,187,76,0,0,0,21.73,2554,2,2
50,169,97,0,0,1,33.96,3068,0,2
26,167,100,0,0,2,35.86,3630,1,2
30,157,64,1,0,1,25.96,2804,0,2
39,181,88,0,1,0,26.86,2065,2,0
46,151,62,1,1,1,27.19,2075,0,2
31,165,49,0,1,1,18.0,1868,0,2
42,187,64,1,1,2,18.3,2785,1,2
39,176,53,0,0,0,17.11,1920,2,1
43,172,104,1,2,1,35.15,2286,0,2
29,179,83,1,2,2,25.9,2470,1,2
31,180,59,1,2,1,18.21,1878,0,2
24,185,108,0,2,0,31.56,1846,2,0
27,178,103,1,2,0,32.51,1915,2,0
38,189,66,1,2,0,18.48,1487,2,2
47,162,88,0,1,1,33.53,2319,0,2
43,166,77,1,2,0,27.94,1417,2,0
45,179,48,1,2,1,14.98,1654,0,1
34,172,91,1,1,1,30.76,2821,0,2
44,175,61,1,0,2,19.92,3128,1,2
32,190,70,1,0,0,19.39,2791,2,2
49,182,110,0,1,1,33.21,2838,0,2
39,170,110,0,0,0,38.06,2932,2,0
27,171,61,1,1,0,20.86,1900,2,2
27,157,92,1,0,0,37.32,2865,2,0
47,171,77,0,1,2,26.33,2536,1,2
31,156,109,0,1,2,44.79,3010,1,2
23,188,101,1,1,1,28.58,3216,0,2
23,152,73,1,0,0,31.6,2483,2,0
42,150,91,0,2,1,40.44,1771,0,2
25,179,90,0,1,1,28.09,2685,0,2
22,151,75,1,2,1,32.89,1906,0,2
45,164,84,1,2,0,31.23,1474,2,0
34,173,63,0,0,0,21.05,2122,2,2
35,181,98,0,1,1,29.91,2751,0,2
27,174,86,0,1,0,28.41,2059,2,0
49,166,67,1,2,0,24.31,1261,2,2
25,182,68,1,2,0,20.53,1537,2,2
22,170,67,1,1,0,23.18,2022,2,2
26,159,106,1,0,2,41.93,3964,1,2
36,164,85,0,0,1,31.6,2914,0,2
47,169,75,1,1,1,26.26,2443,0,2
34,152,73,1,1,1,31.6,2348,0,2
36,152,107,1,2,1,46.31,2214,0,2
19,173,110,0,0,0,36.75,3157,2,0
45,169,77,1,2,1,26.96,1927,0,2
38,165,79,0,0,2,29.02,3093,1,2
35,176,55,1,2,0,17.76,1276,2,1
23,174,48,1,0,1,15.85,2769,0,1
34,152,72,0,1,0,31.16,1575,2,0
34,172,59,0,1,0,19.94,1567,2,2
43,176,49,1,0,2,15.82,2922,1,1
26,174,91,1,2,2,30.06,2547,1,2
48,162,61,0,1,0,23.24,1393,2,2
25,155,82,1,2,0,34.13,1502,2,0
46,165,58,1,1,2,21.3,2448,1,2
36,177,79,1,1,1,25.22,2667,0,2
44,166,109,0,1,1,39.56,2707,0,2
37,150,91,1,1,0,40.44,2084,2,0
40,162,59,0,2,2,22.48,1789,1,2
31,188,51,1,2,0,14.43,1342,2,1
34,162,71,0,1,0,27.05,1656,2,0
39,159,103,0,0,1,40.74,3168,0,2
36,173,90,0,1,0,30.07,2042,2,0
37,175,104,0,2,0,33.96,1645,2,0
45,164,93,1,1,1,34.58,2689,0,2
31,159,89,0,1,2,35.2,2730,1,2
20,153,65,0,1,0,27.77,1585,2,0
43,173,65,1,2,0,21.72,1325,2,2
36,151,95,1,0,1,41.66,3265,0,2
46,163,45,1,2,1,16.94,1492,0,1
42,177,45,1,1,2,14.36,2394,1,1
31,158,90,0,0,0,36.05,2485,2,0
26,189,85,0,0,1,23.8,3306,0,2
26,189,96,1,2,2,26.87,2719,1,2
44,163,53,0,0,2,19.95,2518,1,2
38,151,68,0,0,1,29.82,2418,0,2
35,173,50,1,1,2,16.71,2487,1,1
33,160,100,0,2,0,39.06,1508,2,0
21,156,47,1,1,0,19.31,1584,2,2
36,160,83,0,1,0,32.42,1807,2,0
27,184,68,1,0,2,20.09,3530,1,2
41,169,49,0,0,2,17.16,2542,1,1
41,177,91,1,1,0,29.05,2315,2,0
19,156,105,0,2,1,43.15,2122,0,2
49,182,62,1,0,2,18.72,3183,1,2
35,158,59,0,1,0,23.63,1424,2,2
28,162,100,0,2,1,38.1,2053,0,2
25,164,51,0,0,1,18.96,2373,0,2
25,188,90,0,1,2,25.46,3072,1,2
27,173,71,0,1,2,23.72,2617,1,2
43,161,72,0,2,1,27.78,1620,0,2
37,172,87,0,2,1,29.41,1918,0,2
29,163,70,0,1,2,26.35,2489,1,2
47,170,50,1,0,1,17.3,2531,0,1
34,174,90,0,0,1,29.73,3147,0,2
22,151,101,1,2,1,44.3,2218,0,2
31,170,106,1,1,1,36.68,3057,0,2
47,163,110,1,0,2,41.4,3888,1,2
32,178,61,0,1,1,19.25,2172,0,2
37,174,79,1,0,1,26.09,3225,0,2
44,167,56,0,2,2,20.08,1767,1,2
28,188,68,1,2,1,19.24,2064,0,2
43,170,49,0,1,1,16.96,1823,0,1
43,190,87,0,2,2,24.1,2317,1,2
25,188,90,0,0,0,25.46,2899,2,0
42,169,102,0,0,0,35.71,2739,2,0
24,172,51,1,0,0,17.24,2293,2,1
25,184,92,0,0,1,27.17,3389,0,2
29,190,68,1,0,0,18.84,2782,2,2
38,160,95,1,1,2,37.11,3035,1,2
41,151,77,0,2,2,33.77,1917,1,2
37,186,109,0,2,2,31.51,2587,1,2
20,183,57,0,2,0,17.02,1243,2,1
29,178,84,1,1,2,26.51,3109,1,2
39,182,50,0,0,2,15.09,2734,1,1
23,165,73,1,0,2,26.81,3437,1,2
27,155,77,1,1,2,32.05,2793,1,2
49,165,57,1,1,1,20.94,2109,0,2
49,170,89,0,0,0,30.8,2438,2,0
23,172,87,0,0,2,29.41,3471,1,2
49,172,78,0,2,1,26.37,1738,0,2
28,170,71,0,1,1,24.57,2280,0,2
49,150,70,0,2,1,31.11,1477,0,2
27,161,75,0,1,1,28.93,2263,0,2
50,187,82,1,0,2,23.45,3613,1,2
40,163,53,1,0,1,19.95,2572,0,2
24,171,51,0,2,2,17.44,1857,1,1
32,181,65,0,2,0,19.84,1252,2,2
24,182,108,0,2,0,32.6,1823,2,0
41,164,70,0,0,0,26.03,2082,2,0
50,181,57,1,0,1,17.4,2766,0,1
43,178,94,1,0,1,29.67,3500,0,2
46,185,74,0,1,1,21.62,2333,0,2
46,157,68,1,1,1,27.59,2226,0,2
22,160,97,0,0,2,37.89,3528,1,2
19,153,75,0,0,2,32.04,3055,1,2
29,190,67,0,2,0,18.56,1361,2,2
44,189,78,0,2,1,21.84,1896,0,2
25,161,108,0,1,0,41.67,2290,2,0
39,163,83,1,0,0,31.24,2651,2,0
48,188,99,1,1,0,28.01,2491,2,0
42,173,101,0,1,0,33.75,2166,2,0
32,180,70,0,2,2,21.6,2104,1,2
37,175,100,0,2,0,32.65,1597,2,0
20,162,47,0,2,2,17.91,1765,1,1
25,161,86,1,1,1,33.18,2706,0,2
45,190,95,1,0,0,26.32,3143,2,0
36,189,103,0,0,1,28.83,3553,0,2
32,153,110,1,1,2,46.99,3246,1,2
50,187,65,0,2,1,18.59,1689,0,2
38,169,95,1,2,2,33.26,2485,1,2
29,166,77,0,2,2,27.94,2101,1,2
43,176,48,0,1,1,15.5,1866,0,1
28,189,73,0,1,1,20.44,2495,0,2
26,158,47,0,1,1,18.83,1808,0,2
30,181,55,1,0,2,16.79,3218,1,1
23,182,65,0,2,0,19.62,1313,2,2
32,161,89,1,1,2,34.34,2998,1,2
32,155,58,0,2,0,24.14,973,2,2
45,188,101,0,1,2,28.58,3088,1,2
40,185,89,0,2,2,26.0,2322,1,2
43,160,57,1,0,0,22.27,2084,2,2
22,170,89,0,2,0,30.8,1517,2,0
34,175,89,1,0,1,29.06,3455,0,2
42,182,109,1,1,0,32.91,2634,2,0
24,166,98,0,1,2,35.56,2991,1,2
31,181,100,0,2,0,30.52,1678,2,0
21,185,75,0,0,1,21.91,3116,0,2
48,160,81,1,0,1,31.64,2992,0,2
31,165,97,0,2,2,35.63,2322,1,2
25,168,107,1,1,2,37.91,3400,1,2
31,185,93,0,0,2,27.17,3663,1,2
27,150,53,1,2,2,23.56,1905,1,2
18,186,50,1,2,2,14.45,2193,1,1
38,171,84,1,2,1,28.73,2068,0,2
46,163,69,1,2,1,25.97,1780,0,2
24,186,101,0,0,0,29.19,3093,2,0
31,172,78,0,1,2,26.37,2685,1,2
31,150,74,1,1,2,32.89,2667,1,2
32,188,106,0,1,0,29.99,2466,2,0
35,188,89,0,0,2,25.18,3585,1,2
50,163,104,0,2,0,39.14,1477,2,0
22,188,109,0,0,1,30.84,3788,0,2
19,171,78,1,2,1,26.67,2110,0,2
21,154,92,1,1,0,38.79,2262,2,0
30,160,99,0,1,1,38.67,2602,0,2
34,169,89,0,1,0,31.16,2003,2,0
20,187,75,0,0,1,21.45,3149,0,2
18,156,102,0,1,2,41.91,3003,1,2
32,150,76,1,0,1,33.78,2930,0,2
49,167,65,1,0,0,23.31,2262,2,2
39,177,95,0,0,1,30.32,3230,0,2
18,188,103,1,1,1,29.14,3286,0,2
33,165,94,0,0,2,34.53,3425,1,2
27,184,60,1,2,1,17.72,1944,0,1
42,158,80,0,2,0,32.05,1199,2,0
36,186,72,0,1,1,20.81,2389,0,2
43,189,58,0,2,2,16.24,1962,1,1
33,163,58,1,2,0,21.83,1226,2,2
46,178,67,0,1,2,21.15,2456,1,2
29,184,110,1,2,1,32.49,2532,0,2
19,173,82,1,0,2,27.4,3741,1,2
43,167,74,0,2,0,26.53,1189,2,0
18,172,65,1,1,2,21.97,2842,1,2
42,172,68,1,1,2,22.99,2702,1,2
34,184,96,0,0,1,28.36,3380,0,2
36,154,109,0,0,1,45.96,3251,0,2
19,161,80,0,1,0,30.86,1902,2,0
18,174,64,0,0,1,21.14,2805,0,2
34,165,106,0,1,2,38.93,3028,1,2
23,155,108,1,1,2,44.95,3305,1,2
29,159,47,0,2,1,18.59,1389,0,2
31,151,97,1,2,0,42.54,1616,2,0
36,152,90,0,1,0,38.95,1838,2,0
34,159,108,1,1,2,42.72,3258,1,2
27,178,63,0,2,1,19.88,1735,0,2
37,164,72,0,1,2,26.77,2468,1,2
38,178,68,1,0,0,21.46,2554,2,2
42,173,54,0,2,0,18.04,1000,2,2
37,154,108,0,0,1,45.54,3223,0,2
27,171,62,1,0,0,21.2,2461,2,2
32,174,79,1,1,2,26.09,2969,1,2
44,168,92,1,0,0,32.6,2834,2,0
42,150,78,1,0,0,34.67,2373,2,0
23,190,77,0,2,1,21.33,2017,0,2
49,159,79,1,2,1,31.25,1852,0,2
50,186,58,1,0,2,16.76,3145,1,1
41,187,91,1,2,0,26.02,1754,2,0
38,168,86,0,2,1,30.47,1870,0,2
50,183,102,1,2,1,30.46,2302,0,2
20,174,92,0,0,1,30.39,3318,0,2
22,174,58,0,0,2,19.16,2953,1,2
49,174,92,0,2,0,30.39,1421,2,0
37,182,84,0,0,2,25.36,3399,1,2
26,168,103,1,1,0,36.49,2530,2,0
24,173,65,0,2,1,21.72,1740,0,2
42,175,95,1,1,0,31.02,2350,2,0
38,188,47,1,0,2,13.3,3074,1,1
40,166,51,0,1,2,18.51,2139,1,2
41,160,52,1,2,2,20.31,1884,1,2
43,175,89,1,0,2,29.06,3670,1,2
45,153,79,0,1,1,33.75,2108,0,2
19,165,93,0,0,1,34.16,3239,0,2
29,187,94,1,2,0,26.88,1862,2,0
45,185,102,0,0,0,29.8,2901,2,0
39,178,90,0,0,2,28.41,3447,1,2
18,160,60,0,0,2,23.44,2863,1,2
27,183,84,0,0,1,25.08,3206,0,2
50,165,62,0,0,2,22.77,2656,1,2
31,151,56,1,1,1,24.56,2098,0,2
21,167,82,0,1,1,29.4,2476,0,2
43,184,77,0,2,1,22.74,1852,0,2
20,153,61,0,1,2,26.06,2323,1,2
34,176,62,0,2,1,20.02,1666,0,2
37,182,67,1,0,1,20.23,3092,0,2
35,170,55,1,1,1,19.03,2235,0,2
34,179,62,1,0,1,19.35,2990,0,2
27,188,83,1,1,2,23.48,3206,1,2
34,185,77,1,0,0,22.5,2846,2,2
40,187,68,0,2,1,19.45,1785,0,2
49,167,64,1,2,0,22.95,1232,2,2
35,171,49,0,1,0,16.76,1395,2,1
31,171,85,0,1,1,29.07,2484,0,2
43,186,67,0,1,2,19.37,2557,1,2
34,163,93,0,0,1,35.0,3073,0,2
42,183,90,1,1,1,26.87,2850,0,2
40,153,63,1,2,0,26.91,1169,2,0
24,188,68,0,0,2,19.24,3290,1,2
43,169,94,0,0,2,32.91,3378,1,2
44,154,48,1,1,0,20.24,1402,2,2
50,164,72,1,0,0,26.77,2350,2,0
31,166,110,0,2,1,39.92,2185,0,2
22,177,107,0,2,2,34.15,2586,1,2
19,152,66,0,2,1,28.57,1624,0,2
43,152,67,0,1,2,29.0,2228,1,2
18,176,110,0,0,0,35.51,3203,2,0
46,162,60,0,0,2,22.86,2620,1,2
36,176,108,1,1,2,34.87,3407,1,2
36,154,103,0,0,1,43.43,3137,0,2
31,155,62,0,0,1,25.81,2418,0,2
48,151,60,0,1,2,26.31,2071,1,2
46,170,62,0,0,1,21.45,2453,0,2
50,166,48,0,1,0,17.42,1215,2,1
22,159,69,0,1,2,27.29,2489,1,2
21,162,52,1,2,2,19.81,2019,1,2
50,179,47,0,2,2,14.67,1713,1,1
21,180,100,1,1,0,30.86,2638,2,0
32,164,83,0,0,2,30.86,3214,1,2
44,166,92,1,0,0,33.39,2810,2,0
22,189,51,1,1,2,14.28,2758,1,1
33,175,105,1,1,0,34.29,2574,2,0
24,182,100,1,1,0,30.19,2634,2,0
46,173,72,0,2,0,24.06,1192,2,2
24,159,93,1,1,2,36.79,3103,1,2
31,160,46,1,0,2,17.97,2789,1,1
48,181,70,0,2,0,21.37,1216,2,2
43,176,101,0,0,0,32.61,2794,2,0
28,170,78,1,2,0,26.99,1549,2,0
20,176,69,0,0,1,22.28,2905,0,2
32,160,61,1,1,0,23.83,1755,2,2
22,165,67,0,2,1,24.61,1716,0,2
27,163,58,0,2,0,21.83,1063,2,2
43,156,109,1,0,0,44.79,3024,2,0
30,167,86,1,0,0,30.84,2841,2,0
34,151,75,1,2,1,32.89,1834,0,2
39,163,63,0,0,1,23.71,2456,0,2
44,190,100,0,0,1,27.7,3432,0,2
39,190,85,1,1,1,23.55,2863,0,2
33,154,74,0,2,1,31.2,1651,0,2
25,178,109,0,1,1,34.4,2970,0,2
21,163,97,0,1,1,36.51,2670,0,2
28,171,88,0,2,2,30.09,2277,1,2
35,166,55,1,2,2,19.96,2001,1,2
26,169,86,0,0,2,30.11,3387,1,2
48,155,67,1,2,1,27.89,1684,0,2
40,151,109,0,1,2,47.8,2892,1,2
38,185,99,1,0,1,28.93,3726,0,2
34,187,56,1,1,0,16.01,1923,2,1
45,186,80,1,1,1,23.12,2700,0,2
44,190,69,0,0,1,19.11,2843,0,2
34,167,66,1,0,0,23.67,2423,2,2
31,180,71,0,0,0,21.91,2386,2,2
43,175,62,1,0,1,20.24,2857,0,2
40,172,60,1,0,1,20.28,2812,0,2
29,174,108,1,2,0,35.67,1933,2,0
43,156,99,0,0,1,40.68,3019,0,2
20,168,55,0,1,0,19.49,1575,2,2
27,188,72,0,0,0,20.37,2538,2,2
48,156,52,0,0,0,21.37,1578,2,2
26,165,88,1,2,1,32.32,2143,0,2
38,161,45,1,0,0,17.36,1915,2,1
31,175,49,1,1,2,16.0,2522,1,1
43,166,104,0,1,2,37.74,2937,1,2
45,166,76,1,0,2,27.58,3297,1,2
27,179,46,0,1,2,14.36,2288,1,1
27,181,51,1,0,2,15.57,3171,1,1
18,172,83,0,2,0,28.06,1484,2,0
20,150,88,1,2,2,39.11,2367,1,2
30,159,79,0,1,0,31.25,1782,2,0
19,176,70,0,0,1,22.6,2933,0,2
47,184,96,1,2,1,28.36,2256,0,2
43,170,45,1,1,0,15.57,1518,2,1
18,154,101,0,2,0,42.59,1565,2,0
30,176,105,1,0,2,33.9,4109,1,2
45,162,50,1,0,0,19.05,1955,2,2
41,174,78,1,2,2,25.76,2301,1,2
34,190,84,0,0,1,23.27,3223,0,2
24,162,71,1,1,0,27.05,1991,2,0
28,175,91,0,0,0,29.71,2735,2,0
50,160,78,0,2,0,30.47,1142,2,0
24,189,92,0,0,0,25.76,2958,2,0
38,188,82,0,2,0,23.2,1472,2,2
37,170,63,1,0,0,21.8,2373,2,2
20,164,72,0,2,2,26.77,2080,1,2
42,171,106,1,1,1,36.25,2981,0,2
28,177,101,0,1,0,32.24,2313,2,0
45,177,68,1,2,2,21.71,2179,1,2
38,165,92,1,1,1,33.79,2737,0,2
35,174,94,1,2,0,31.05,1729,2,0
26,152,46,0,1,0,19.91,1234,2,2
35,153,60,0,1,2,25.63,2191,1,2
31,173,50,1,2,1,16.71,1717,0,1
29,183,51,1,2,1,15.23,1816,0,1
47,163,90,1,1,1,33.87,2617,0,2
24,188,56,0,1,2,15.84,2553,1,1
29,162,52,0,0,2,19.81,2630,1,2
31,170,102,1,1,2,35.29,3295,1,2
44,168,102,1,2,1,36.14,2226,0,2
27,185,47,0,2,0,13.73,1096,2,1
31,166,62,1,0,2,22.5,3164,1,2
23,154,108,0,1,2,45.54,3038,1,2
48,155,52,0,2,0,21.64,805,2,2
22,152,68,0,1,0,29.43,1606,2,0
39,166,100,0,1,0,36.29,2106,2,0
28,182,59,0,1,2,17.81,2511,1,1
39,178,78,0,0,2,24.62,3219,1,2
24,150,89,1,1,1,39.56,2654,0,2
24,182,81,1,2,0,24.45,1699,2,2
43,180,49,1,0,0,15.12,2169,2,1
33,184,103,1,2,2,30.42,2724,1,2
44,155,92,1,1,2,38.29,2894,1,2
34,180,51,1,2,1,15.74,1764,0,1
46,166,49,0,1,2,17.78,2061,1,1
29,164,97,0,1,0,36.06,2117,2,0
42,180,76,0,1,2,23.46,2646,1,2
49,152,49,1,0,0,21.21,1780,2,2
18,152,86,0,0,2,37.22,3262,1,2
43,187,88,1,2,0,25.17,1706,2,0
42,158,65,1,0,2,26.04,3021,1,2
31,182,57,0,1,0,17.21,1656,2,1
19,183,102,0,0,1,30.46,3624,0,2
40,150,105,1,0,2,46.67,3705,1,2
32,152,71,0,1,0,30.73,1575,2,0
42,170,62,0,1,0,21.45,1532,2,2
32,164,52,1,1,2,19.33,2454,1,2
32,179,52,1,0,1,16.23,2819,0,1
27,182,49,1,1,2,14.79,2621,1,1
18,152,87,0,0,0,37.66,2481,2,0
50,152,70,1,2,1,30.3,1686,0,2
27,157,95,1,1,2,38.54,3091,1,2
48,178,53,1,1,0,16.73,1681,2,1
20,153,66,1,0,2,28.19,3190,1,2
21,173,108,0,0,2,36.09,3900,1,2
31,171,107,0,0,0,36.59,2963,2,0
24,187,78,1,2,1,22.31,2200,0,2
48,171,80,1,0,0,27.36,2604,2,0
49,162,59,1,0,0,22.48,2088,2,2
26,155,67,1,2,0,27.89,1316,2,0
31,169,54,0,0,0,18.91,1932,2,2
36,169,51,0,1,2,17.86,2199,1,1
37,163,48,0,0,0,18.07,1690,2,2
46,177,62,0,0,0,19.79,2036,2,2
19,182,55,0,1,2,16.6,2518,1,1
44,160,91,0,1,1,35.55,2369,0,2
19,158,101,1,1,2,40.46,3256,1,2
32,168,56,1,2,2,19.84,2046,1,2
48,157,105,1,2,0,42.6,1655,2,0
32,184,107,1,2,0,31.6,1978,2,0
29,184,98,0,1,1,28.95,2827,0,2
34,161,92,0,1,0,35.49,1972,2,0
38,175,98,1,0,0,32.0,3088,2,0
24,173,108,1,0,0,36.09,3387,2,0
49,178,108,0,0,0,34.09,2894,2,0
43,183,88,0,0,1,26.28,3130,0,2
34,162,55,0,1,2,20.96,2208,1,2
46,166,85,0,2,0,30.85,1295,2,0
42,179,106,1,0,0,33.08,3250,2,0
42,158,46,0,0,0,18.43,1545,2,2
25,177,104,1,0,2,33.2,4149,1,2
48,162,86,0,1,0,32.77,1780,2,0
44,182,56,1,2,1,16.91,1779,0,1
30,152,89,1,2,0,38.52,1534,2,0
34,187,97,1,1,2,27.74,3359,1,2
40,190,99,0,2,2,27.42,2479,1,2
41,151,101,1,1,0,44.3,2218,2,0
46,187,107,1,2,2,30.6,2716,1,2
42,172,90,1,1,1,30.42,2743,0,2
43,171,108,0,1,1,36.93,2747,0,2
48,153,56,0,2,0,23.92,838,2,2
27,157,97,0,0,0,39.35,2644,2,0
49,185,74,0,0,0,21.62,2331,2,2
19,168,93,0,2,0,32.95,1568,2,0
24,154,52,0,1,2,21.93,2162,1,2
35,175,56,0,0,0,18.29,2003,2,2
37,167,101,1,2,1,36.21,2248,0,2
35,150,70,1,0,0,31.11,2288,2,0
46,187,68,1,1,0,19.45,2016,2,2
40,163,74,1,2,1,27.85,1876,0,2
18,167,66,1,0,2,23.67,3375,1,2
20,176,68,0,2,0,21.95,1322,2,2
36,188,52,0,1,2,14.71,2398,1,1
48,158,61,0,2,2,24.44,1735,1,2
26,167,81,1,1,1,29.04,2679,0,2
48,190,97,0,0,0,26.87,2837,2,0
27,158,66,1,1,2,26.44,2652,1,2
22,169,110,1,1,1,38.51,3179,0,2
22,188,108,1,0,1,30.56,4085,0,2
32,180,87,1,1,1,26.85,2852,0,2
35,159,103,0,1,2,40.74,2916,1,2
22,177,71,1,1,2,22.66,2952,1,2
40,179,103,1,2,1,32.15,2344,0,2
36,154,92,0,1,1,38.79,2389,0,2
31,183,101,1,2,2,30.16,2704,1,2
32,174,88,0,2,0,29.07,1475,2,0
38,175,61,0,0,1,19.92,2570,0,2
38,190,65,1,1,0,18.01,2061,2,2
22,180,89,0,0,2,27.47,3613,1,2
32,153,100,0,1,0,42.72,2034,2,0
20,159,57,0,0,1,22.55,2475,0,2
38,188,76,1,1,2,21.5,3012,1,2
33,152,67,0,1,0,29.0,1505,2,0
33,170,52,1,1,2,17.99,2504,1,1
29,178,93,1,2,0,29.35,1783,2,0
42,164,47,0,1,0,17.47,1242,2,1
24,188,79,0,0,1,22.35,3199,0,2
33,169,95,0,1,2,33.26,2904,1,2
37,172,102,0,0,0,34.48,2823,2,0
28,179,57,1,1,2,17.79,2708,1,1
31,189,88,1,2,0,24.64,1793,2,2
49,177,70,0,0,0,22.34,2160,2,2
28,187,57,0,1,1,16.3,2228,0,1
31,158,101,1,1,2,40.46,3163,1,2
36,190,50,1,1,0,13.85,1844,2,1
22,183,96,1,1,2,28.67,3398,1,2
26,153,46,0,2,0,19.65,850,2,2
28,184,80,1,1,2,23.63,3113,1,2
43,152,69,0,0,0,29.86,1901,2,0
38,160,100,0,1,2,39.06,2855,1,2
49,183,97,0,2,2,28.96,2349,1,2
30,171,107,1,1,1,36.59,3090,0,2
42,189,51,0,2,2,14.28,1884,1,1
50,158,109,1,1,0,43.66,2340,2,0
26,161,61,1,0,0,23.53,2333,2,2
44,188,89,1,1,1,25.18,2867,0,2
50,168,59,0,1,1,20.9,1904,0,2
50,189,75,1,1,0,21.0,2113,2,2
47,167,66,1,1,0,23.67,1784,2,2
34,190,57,0,2,1,15.79,1711,0,1
46,157,66,0,2,1,26.78,1500,0,2
36,161,64,1,1,2,24.69,2580,1,2
21,174,58,0,1,2,19.16,2472,1,2
32,177,86,0,2,2,27.45,2274,1,2
47,181,46,0,1,1,14.04,1852,0,1
48,167,50,0,0,1,17.93,2171,0,1
46,169,72,0,1,0,25.21,1647,2,0
31,175,62,0,1,2,20.24,2466,1,2
22,158,95,1,0,2,38.05,3781,1,2
38,171,87,1,0,0,29.75,2832,2,0
27,150,73,1,0,2,32.44,3221,1,2
36,167,89,0,2,1,31.91,1911,0,2
50,184,88,0,2,1,25.99,1942,0,2
49,178,77,0,1,0,24.3,1788,2,2
34,158,56,1,1,0,22.43,1642,2,2
20,171,98,1,1,0,33.51,2528,2,0
25,156,52,0,1,2,21.37,2173,1,2
18,162,97,1,2,2,36.96,2577,1,2
38,181,109,1,0,0,33.27,3368,2,0
30,158,69,1,2,0,27.64,1339,2,0
47,167,60,1,2,0,21.51,1196,2,2
24,169,75,0,0,2,26.26,3197,1,2
26,189,70,0,1,2,19.6,2764,1,2
47,188,59,0,2,2,16.69,1942,1,1
21,152,80,0,2,0,34.63,1280,2,0
50,171,82,1,0,0,28.04,2623,2,0
43,157,82,1,0,2,33.27,3323,1,2
23,160,64,1,1,0,25.0,1871,2,2
45,152,105,0,2,1,45.45,1936,0,2
29,174,50,0,2,1,16.51,1537,0,1
26,165,91,1,0,2,33.43,3750,1,2
45,151,72,1,0,2,31.58,3043,1,2
27,176,75,0,0,2,24.21,3252,1,2
21,163,77,0,0,1,28.98,2893,0,2
28,177,63,0,2,1,20.11,1722,0,2
39,150,77,0,1,1,34.22,2094,0,2
39,186,101,0,2,2,29.19,2479,1,2
26,158,60,0,2,2,24.03,1855,1,2
50,152,64,1,2,2,27.7,1914,1,2
27,184,94,1,1,1,27.76,3038,0,2
32,168,91,1,0,1,32.24,3429,0,2
19,181,109,1,1,0,33.27,2803,2,0
26,176,72,1,2,1,23.24,2034,0,2
36,181,88,1,2,2,26.86,2503,1,2
45,168,77,1,1,1,27.28,2480,0,2
36,176,55,1,0,0,17.76,2302,2,1
22,190,72,0,2,0,19.94,1463,2,2
23,160,85,0,0,2,33.2,3290,1,2
36,155,50,0,2,1,20.81,1353,0,2
45,168,89,0,1,1,31.53,2408,0,2
29,174,75,0,0,1,24.77,2909,0,2
37,185,75,1,2,2,21.91,2371,1,2
39,154,84,0,1,2,35.42,2542,1,2
42,151,79,0,0,1,34.65,2589,0,2
31,162,93,0,1,0,35.44,2021,2,0
30,169,104,0,2,0,36.41,1642,2,0
50,151,88,1,0,0,38.59,2499,2,0
45,171,46,0,1,2,15.73,2071,1,1
42,155,86,0,2,1,35.8,1749,0,2
42,164,58,0,2,1,21.56,1480,0,2
45,157,96,0,2,2,38.95,2166,1,2
23,172,109,1,2,0,36.84,1966,2,0
29,183,45,0,1,1,13.44,1996,0,1
19,173,75,0,0,0,25.06,2492,2,0
33,158,103,1,1,2,41.26,3179,1,2
41,163,86,1,1,2,32.37,2902,1,2
44,169,104,0,2,1,36.41,2058,0,2
50,167,69,0,2,1,24.74,1587,0,2
18,183,76,0,1,1,22.69,2561,0,2
48,150,48,0,2,0,21.33,719,2,2
24,156,90,1,2,1,36.98,2112,0,2
22,166,61,0,2,2,22.14,1951,1,2
18,188,100,0,1,0,28.29,2482,2,0
22,179,72,0,2,2,22.47,2181,1,2
36,153,95,1,0,2,40.58,3589,1,2
43,176,96,1,0,2,30.99,3815,1,2
26,179,103,1,2,1,32.15,2428,0,2
35,185,96,0,2,2,28.05,2436,1,2
25,165,90,0,0,0,33.06,2625,2,0
49,182,76,1,1,0,22.94,2069,2,2
46,184,77,0,1,2,22.74,2669,1,2
27,178,50,1,2,0,15.78,1279,2,1
40,181,103,1,1,0,31.44,2547,2,0
41,179,108,1,2,2,33.71,2698,1,2
43,157,76,1,1,1,30.83,2373,0,2
33,187,101,1,1,1,28.88,3129,0,2
21,159,79,0,1,2,31.25,2652,1,2
43,182,59,0,2,2,17.81,1921,1,1
47,150,106,0,0,0,47.11,2542,2,0
36,165,72,1,1,1,26.45,2443,0,2
19,184,102,1,0,2,30.13,4252,1,2
49,157,110,1,0,0,44.63,2998,2,0
44,169,67,1,0,2,23.46,3171,1,2
22,156,47,0,0,1,19.31,2230,0,2
22,159,108,0,1,1,42.72,2794,0,2
30,161,47,0,1,0,18.13,1306,2,2
49,181,49,0,0,2,14.96,2608,1,1
32,169,49,1,0,2,17.16,2943,1,1
40,187,71,1,2,0,20.3,1520,2,2
39,174,55,1,2,0,18.17,1237,2,2
32,159,86,1,1,2,34.02,2933,1,2
24,188,102,1,0,0,28.86,3452,2,0
36,182,99,1,0,1,29.89,3709,0,2
36,164,63,1,0,1,23.42,2812,0,2
19,189,76,0,2,2,21.28,2322,1,2
23,189,92,1,0,0,25.76,3283,2,0
25,184,84,0,0,0,24.81,2737,2,2
18,155,48,0,0,1,19.98,2275,0,2
23,177,110,1,2,1,35.11,2515,0,2
31,153,63,1,0,1,26.91,2728,0,2
18,154,100,1,0,0,42.17,3067,2,0
42,189,53,0,1,1,14.84,2077,0,1
20,185,103,0,1,0,30.09,2484,2,0
44,182,61,1,0,2,18.42,3211,1,2
46,177,67,1,1,2,21.39,2704,1,2
37,163,97,0,2,2,36.51,2271,1,2
29,153,105,0,2,2,44.85,2340,1,2
42,190,68,1,2,0,18.84,1495,2,2
32,175,58,0,2,2,18.94,1923,1,2
32,159,57,0,0,1,22.55,2361,0,2
33,179,90,1,2,2,28.09,2530,1,2
50,151,78,0,1,0,34.21,1534,2,0
42,189,66,0,1,0,18.48,1778,2,2
39,177,46,0,1,2,14.68,2175,1,1
18,190,49,0,2,2,13.57,2011,1,1
26,159,67,1,0,2,26.5,3223,1,2
37,184,49,0,2,1,14.47,1552,0,1
44,175,61,1,2,0,19.92,1286,2,2
45,182,73,1,1,2,22.04,2853,1,2
18,188,78,0,0,1,22.07,3237,0,2
46,159,70,1,1,0,27.69,1776,2,0
26,176,60,1,0,0,19.37,2492,2,2
37,163,90,1,2,0,33.87,1586,2,0
21,165,58,1,2,0,21.3,1313,2,2
34,162,94,1,2,2,35.82,2445,1,2
50,186,101,1,2,2,29.19,2613,1,2
30,151,65,0,2,0,28.51,1039,2,0
38,158,73,0,1,0,29.24,1618,2,0
30,179,60,1,2,0,18.73,1388,2,2
38,172,99,0,0,1,33.46,3256,0,2
33,187,90,0,2,2,25.74,2391,1,2
35,162,45,1,0,1,17.15,2455,0,1
47,152,49,0,0,0,21.21,1483,2,2
49,150,64,0,1,1,28.44,1815,0,2
41,162,87,0,0,2,33.15,3181,1,2
23,160,104,1,2,1,40.62,2316,0,2
40,182,110,1,2,1,33.21,2451,0,2
26,156,72,1,2,1,29.59,1884,0,2
36,181,63,0,0,1,19.23,2698,0,2
29,150,94,1,1,1,41.78,2693,0,2
37,182,97,0,2,2,29.28,2413,1,2
20,178,76,0,0,2,23.99,3361,1,2
22,164,78,1,1,2,29.0,2935,1,2
21,160,88,0,2,1,34.37,1936,0,2
27,168,47,1,2,0,16.65,1168,2,1
27,183,85,0,1,2,25.38,2931,1,2
26,168,103,1,2,2,36.49,2646,1,2
32,157,83,1,2,1,33.67,1987,0,2
23,160,94,1,1,1,36.72,2836,0,2
28,157,86,1,0,0,34.89,2741,2,0
38,159,87,1,0,2,34.41,3489,1,2
43,175,100,0,0,0,32.65,2763,2,0
45,155,75,0,0,2,31.22,2832,1,2
36,181,110,1,0,2,33.58,4206,1,2
34,177,65,1,1,0,20.75,1966,2,2
44,168,90,1,1,0,31.89,2189,2,0
18,168,66,0,1,2,23.38,2561,1,2
23,183,110,1,0,0,32.85,3554,2,0
50,153,105,0,0,1,44.85,3030,0,2
31,178,59,0,0,0,18.62,2134,2,2
24,173,56,0,1,1,18.71,2108,0,2
33,153,48,1,1,0,20.5,1478,2,2
39,177,57,1,1,2,18.19,2603,1,2
40,152,98,0,2,2,42.42,2182,1,2
34,170,86,1,0,0,29.76,2839,2,0
21,166,61,0,2,1,22.14,1657,0,2
48,159,68,1,2,2,26.9,2026,1,2
49,172,100,0,2,1,33.8,2002,0,2
33,161,47,0,1,0,18.13,1282,2,2
22,189,99,1,2,1,27.71,2479,0,2
30,188,106,0,2,2,29.99,2608,1,2
35,185,59,1,1,1,17.24,2443,0,1
38,154,103,1,0,0,43.43,2934,2,0
28,180,77,0,2,1,23.77,1912,0,2
23,167,76,1,0,0,27.25,2718,2,0
49,179,53,1,0,1,16.54,2676,0,1
31,151,71,1,1,2,31.14,2630,1,2
30,174,72,1,0,2,23.78,3458,1,2
32,177,94,1,0,0,30.0,3093,2,0
42,164,63,0,2,0,23.42,1040,2,2
37,181,47,1,2,0,14.35,1205,2,1
31,162,92,0,2,1,35.06,1939,0,2
35,150,99,1,0,2,44.0,3639,1,2
25,177,92,0,2,1,29.37,2088,0,2
46,168,57,1,2,0,20.2,1174,2,2
40,163,62,1,2,2,23.34,2032,1,2
49,174,62,0,1,0,20.48,1517,2,2
47,175,93,1,0,1,30.37,3408,0,2
30,174,105,0,1,1,34.68,2831,0,2
42,186,103,1,2,1,29.77,2385,0,2
46,176,109,0,1,0,35.19,2288,2,0
36,185,49,0,0,1,14.32,2479,0,1
37,178,74,1,0,1,23.36,3177,0,2
21,163,45,1,2,0,16.94,1142,2,1
37,180,110,0,2,2,33.95,2554,1,2
41,189,45,1,0,0,12.6,2219,2,1
42,164,80,0,2,1,29.74,1744,0,2
36,187,98,1,1,0,28.02,2559,2,0
24,170,76,1,2,0,26.3,1549,2,0
39,159,61,0,0,0,24.13,1870,2,2
19,180,60,0,2,0,18.52,1262,2,2
48,151,80,1,0,2,35.09,3166,1,2
